575883,EB
440879,EB
5267038,EB
5925875,EB
6282624,EB
6348779,EB
6801367,EB
17132435,EB
17266250,EB
17614652,EB
21486794,EB
23720916,EB
23837192,EB
1014960,EB
1197898,EB
1743519,EB
2653935,EB
2913030,EB
3151678,EB
4224216,EB
4104973,EB
4401049,EB
7742091,EB
8280759,EB
9558311,EB
9660440,EB
9928795,EB
10309167,EB
10250985,EB
10722333,EB
10968194,EB
11366353,EB
11496577,EB
11866538,EB
11782815,EB
11754294,EB
11864369,EB
11810596,EB
12112283,EB
12632568,EB
12605297,EB
13217513,EB
13642503,EB
13748458,EB
14153889,EB
14514794,EB
14545485,EB
15003233,EB
16026470,EB
16586484,EB
16734502,EB
18226590,EB
18335572,EB
19196638,EB
19052173,EB
19119847,EB
19049888,EB
19502772,EB
19898260,EB
20021075,EB
20363182,EB
20457217,EB
20533504,EB
21011352,EB
20998870,EB
17249,EB
60758,EB
56340,EB
41937,EB
51934,EB
146540,EB
124162,EB
124419,EB
142124,EB
161865,EB
114416,EB
177235,EB
124320,EB
147242,EB
344450,EB
257977,EB
251676,EB
266435,EB
224940,EB
301278,EB
361795,EB
284560,EB
330723,EB
269954,EB
346722,EB
284356,EB
292893,EB
350603,EB
353953,EB
353010,EB
271720,EB
200595,EB
548881,EB
505485,EB
477364,EB
389895,EB
420220,EB
433281,EB
374379,EB
458198,EB
370495,EB
575145,EB
370327,EB
491901,EB
375186,EB
379033,EB
468106,EB
519732,EB
4637684,EB
4837778,EB
4685468,EB
4797994,EB
4797842,EB
4712625,EB
4787449,EB
4700766,EB
4573801,EB
4807090,EB
4635162,EB
4775413,EB
4635950,EB
4733799,EB
4689389,EB
4601692,EB
4595090,EB
4791589,EB
4803693,EB
4591998,EB
4600514,EB
4775916,EB
4602472,EB
4632819,EB
4750024,EB
4587625,EB
4760335,EB
5127059,EB
5099623,EB
4958189,EB
5042578,EB
4993440,EB
4916255,EB
5071049,EB
5084794,EB
4952200,EB
5161049,EB
4908484,EB
4977423,EB
5051584,EB
4912349,EB
4893913,EB
5013159,EB
5099625,EB
5144133,EB
4946334,EB
5128984,EB
5354706,EB
5473273,EB
5370012,EB
5292538,EB
5217658,EB
5202971,EB
5415049,EB
5524072,EB
5283387,EB
5291858,EB
5524751,EB
5220419,EB
5302684,EB
5192334,EB
5398724,EB
5507324,EB
5518726,EB
5461950,EB
5202649,EB
5463647,EB
5458442,EB
5224341,EB
5350318,EB
5491372,EB
5686075,EB
5663644,EB
5773563,EB
5673844,EB
5806281,EB
5723603,EB
5627751,EB
5751507,EB
5822541,EB
5556154,EB
5759655,EB
5856462,EB
5791973,EB
5756850,EB
5840211,EB
5649548,EB
5680190,EB
5596566,EB
5830262,EB
5979243,EB
6086140,EB
6226117,EB
6034357,EB
6178367,EB
5965880,EB
6095048,EB
6271970,EB
6244025,EB
6038238,EB
6185424,EB
6243686,EB
6158163,EB
6005191,EB
6271556,EB
5958957,EB
6187529,EB
5920197,EB
6018480,EB
5994418,EB
6160611,EB
6066224,EB
6010686,EB
5922266,EB
5990278,EB
6009761,EB
6185920,EB
6344529,EB
6523661,EB
6537532,EB
6389320,EB
6642292,EB
6370739,EB
6644198,EB
6540259,EB
6617807,EB
6398114,EB
6571949,EB
6358688,EB
6527568,EB
6461827,EB
6532857,EB
6342127,EB
6405008,EB
6621482,EB
6389240,EB
6282701,EB
6341389,EB
6312334,EB
6543801,EB
6967477,EB
7020234,EB
6957907,EB
6717083,EB
6739098,EB
6991031,EB
6879877,EB
6791882,EB
6752616,EB
7046937,EB
6676697,EB
6963982,EB
6973516,EB
7037282,EB
6838331,EB
6838786,EB
6988827,EB
6737498,EB
6880106,EB
6716231,EB
6710932,EB
6765858,EB
6946184,EB
7386353,EB
7303928,EB
7356971,EB
7402949,EB
7171221,EB
7384383,EB
7346463,EB
7063702,EB
7087963,EB
7357550,EB
7155534,EB
7322343,EB
7228591,EB
7055103,EB
7330156,EB
7394173,EB
7275492,EB
7119760,EB
7386855,EB
7087932,EB
7093882,EB
7373205,EB
16985469,EB
17074093,EB
17095125,EB
7450622,EB
16926819,EB
16981920,EB
16922876,EB
17105292,EB
16968490,EB
16863363,EB
7444130,EB
17065012,EB
16917654,EB
17083815,EB
17056731,EB
16940346,EB
16873474,EB
17060293,EB
17102008,EB
17074729,EB
7440550,EB
7449961,EB
16938008,EB
17101513,EB
17008442,EB
17212083,EB
17275256,EB
17433084,EB
17359449,EB
17338538,EB
17324094,EB
17340334,EB
17125494,EB
17120218,EB
17419718,EB
17235674,EB
17217812,EB
17313039,EB
17213533,EB
17463281,EB
17290858,EB
17163731,EB
17178029,EB
17302597,EB
17386926,EB
17321800,EB
17632184,EB
17715248,EB
17693555,EB
17518765,EB
17659704,EB
17496627,EB
21107449,EB
21072171,EB
17719862,EB
17558169,EB
21095278,EB
17661187,EB
17695712,EB
21110017,EB
17698307,EB
17710182,EB
17627286,EB
17523065,EB
17592913,EB
21124732,EB
21073252,EB
17694914,EB
17648985,EB
17523854,EB
17613281,EB
17566699,EB
17670149,EB
17628740,EB
21161088,EB
21147974,EB
21332145,EB
21348611,EB
21303888,EB
21291582,EB
21327599,EB
21285999,EB
21177419,EB
21293569,EB
21396226,EB
21393081,EB
21151278,EB
21741619,EB
21500886,EB
21738091,EB
21749428,EB
21781999,EB
21531228,EB
21703536,EB
21805462,EB
21505266,EB
21496631,EB
21662536,EB
21709825,EB
21549961,EB
21817824,EB
21821875,EB
21816545,EB
21774610,EB
21515129,EB
21656045,EB
21676430,EB
21687256,EB
22106421,EB
22113391,EB
22167459,EB
21979323,EB
22129814,EB
22074693,EB
21922323,EB
22060124,EB
22042430,EB
22163481,EB
22214707,EB
22459620,EB
22224229,EB
22398360,EB
22466113,EB
22378268,EB
22442519,EB
22342092,EB
22401029,EB
22626646,EB
22656802,EB
22587580,EB
22757743,EB
22820342,EB
22756115,EB
22671860,EB
22600602,EB
22588921,EB
22628469,EB
22967575,EB
22941137,EB
22969930,EB
22894803,EB
22856184,EB
22955409,EB
22982845,EB
22862090,EB
23091164,EB
22935887,EB
22844472,EB
23150330,EB
23085978,EB
22886412,EB
22839233,EB
22949764,EB
23074578,EB
23056331,EB
23109894,EB
23121563,EB
23412027,EB
23205293,EB
23169444,EB
23228605,EB
23341662,EB
23403983,EB
23277068,EB
23331432,EB
23253217,EB
23157611,EB
23430163,EB
23241087,EB
23202141,EB
23580474,EB
23630974,EB
23582798,EB
23780863,EB
23835292,EB
23623155,EB
23799135,EB
23686677,EB
23734166,EB
23614288,EB
23639331,EB
23782681,EB
23729154,EB
24089371,EB
24068138,EB
24056740,EB
23922488,EB
24085173,EB
24113271,EB
23950894,EB
23985254,EB
24163451,EB
23997591,EB
23973528,EB
24036222,EB
23864723,EB
23846775,EB
932204,EB
1052008,EB
872160,EB
868267,EB
1013374,EB
1048500,EB
956738,EB
1009459,EB
1071236,EB
1018967,EB
1050401,EB
985609,EB
1072236,EB
1364129,EB
1172677,EB
1111785,EB
1276492,EB
1357156,EB
1164182,EB
1275351,EB
1126681,EB
1215469,EB
1262924,EB
1399852,EB
1258617,EB
1422965,EB
1428275,EB
1088918,EB
1779170,EB
1593753,EB
1754582,EB
1580949,EB
1490274,EB
1464881,EB
1735658,EB
1500329,EB
1708695,EB
1438520,EB
1703266,EB
1551674,EB
1944537,EB
1984236,EB
1949890,EB
2024072,EB
2075085,EB
1811983,EB
2076617,EB
2038116,EB
1943000,EB
1870290,EB
1848945,EB
2103445,EB
1970100,EB
2063120,EB
2372562,EB
2395704,EB
2242766,EB
2167648,EB
2264447,EB
2330973,EB
2292862,EB
2237746,EB
2269066,EB
2198127,EB
2323566,EB
2609351,EB
2537648,EB
2542844,EB
2523263,EB
2534282,EB
2569778,EB
2499018,EB
2581524,EB
2522484,EB
2429249,EB
2616340,EB
2823738,EB
2789285,EB
2915710,EB
2941388,EB
3011464,EB
2837569,EB
2747213,EB
2881791,EB
2974808,EB
3001254,EB
2747063,EB
2871803,EB
3113704,EB
3169928,EB
3065024,EB
3310237,EB
3351006,EB
3545983,EB
3550230,EB
3497759,EB
3508270,EB
3551306,EB
3593893,EB
3570588,EB
3367265,EB
3610810,EB
3449168,EB
3540363,EB
3415245,EB
3674294,EB
3920198,EB
3879617,EB
3729427,EB
3945426,EB
3722102,EB
3693914,EB
3773911,EB
3891987,EB
3887254,EB
3745506,EB
3955613,EB
3719046,EB
3687991,EB
4219639,EB
3994498,EB
4173123,EB
4071513,EB
4141758,EB
4274712,EB
4138379,EB
4115285,EB
4106551,EB
3982249,EB
4175137,EB
4065540,EB
4478943,EB
4408405,EB
4320508,EB
4539263,EB
4516764,EB
4451210,EB
7532224,EB
4310040,EB
7633058,EB
7663665,EB
7539257,EB
4509495,EB
4306725,EB
4449849,EB
4424279,EB
7602264,EB
7576482,EB
7826974,EB
7870525,EB
7739143,EB
7806051,EB
7708125,EB
7779525,EB
7912225,EB
8008705,EB
7988204,EB
7992141,EB
7837779,EB
7946726,EB
7918398,EB
7776100,EB
7772022,EB
8021895,EB
8124486,EB
8268341,EB
8251303,EB
8223829,EB
8095807,EB
8168422,EB
8032669,EB
8209250,EB
8298345,EB
8025716,EB
8029443,EB
8245347,EB
8553513,EB
8412417,EB
8342822,EB
8341633,EB
8452517,EB
8452539,EB
8440571,EB
8448916,EB
8446645,EB
8440719,EB
8468878,EB
8533369,EB
8346395,EB
8557052,EB
8321320,EB
8774016,EB
8773985,EB
8750069,EB
8753791,EB
8854560,EB
8620650,EB
8624807,EB
8855456,EB
8670360,EB
8867064,EB
8892213,EB
8640880,EB
8670921,EB
8636148,EB
8970783,EB
8936594,EB
9064251,EB
9343463,EB
9306729,EB
9407191,EB
9327430,EB
9375181,EB
9225305,EB
9376120,EB
9462122,EB
9518664,EB
9406163,EB
9342307,EB
9339352,EB
9245099,EB
9340554,EB
9418506,EB
9503242,EB
9416156,EB
9609092,EB
9611469,EB
9653449,EB
9668793,EB
9801733,EB
9818678,EB
9686014,EB
9727347,EB
9631937,EB
9804047,EB
9527360,EB
9695153,EB
9786643,EB
9576316,EB
9572253,EB
9798466,EB
9766669,EB
9527336,EB
9535366,EB
10013411,EB
10028253,EB
10127760,EB
10025796,EB
10102166,EB
9869829,EB
10101561,EB
9960793,EB
9919375,EB
10099492,EB
10003298,EB
9917580,EB
10157893,EB
9837069,EB
9902637,EB
10519762,EB
10426009,EB
10294963,EB
10513982,EB
10509093,EB
10372468,EB
10471777,EB
10264978,EB
10304077,EB
10418431,EB
10370011,EB
10456555,EB
10357287,EB
10404134,EB
10164624,EB
10424071,EB
10865234,EB
10754643,EB
10734049,EB
10648348,EB
10698978,EB
10527628,EB
10528075,EB
10826023,EB
10820778,EB
10897439,EB
10814550,EB
10768130,EB
10727031,EB
10606433,EB
10561150,EB
10655343,EB
10718368,EB
10772300,EB
10680443,EB
10524523,EB
10958841,EB
11150338,EB
10958834,EB
10904449,EB
10968761,EB
10976924,EB
10901803,EB
11248827,EB
10998598,EB
10931205,EB
11139551,EB
11212840,EB
11077023,EB
11094793,EB
11147762,EB
11149695,EB
11152402,EB
10965798,EB
11126244,EB
10946569,EB
11080315,EB
11021068,EB
11576958,EB
11320938,EB
11395106,EB
11617953,EB
11337303,EB
11363653,EB
11493311,EB
11570575,EB
11288427,EB
11376378,EB
11565203,EB
11925135,EB
11834821,EB
11975715,EB
11863356,EB
11936793,EB
11672471,EB
11870305,EB
11960127,EB
11964431,EB
11973551,EB
11808279,EB
11882477,EB
11838018,EB
11917874,EB
11734279,EB
11970309,EB
11982872,EB
11819015,EB
12111449,EB
12050272,EB
12254654,EB
12347176,EB
12185998,EB
12021791,EB
12216345,EB
12200391,EB
12445926,EB
12385133,EB
12600146,EB
12504572,EB
12671517,EB
12626143,EB
12646605,EB
12561269,EB
12432194,EB
12389018,EB
12565297,EB
12571908,EB
12518025,EB
12385218,EB
13004238,EB
12715997,EB
12755087,EB
12963023,EB
12790803,EB
12976843,EB
12960704,EB
12799085,EB
12835333,EB
12886960,EB
12778181,EB
12891928,EB
12957445,EB
12813888,EB
12787860,EB
12857706,EB
12770273,EB
12892308,EB
12701483,EB
12808418,EB
12771186,EB
12938570,EB
13112627,EB
13150279,EB
13314310,EB
13077277,EB
13287580,EB
13256309,EB
13033282,EB
13338327,EB
13157383,EB
13139150,EB
13340259,EB
13093137,EB
13163604,EB
13142102,EB
13053482,EB
13667123,EB
13532661,EB
13531485,EB
13668495,EB
13514372,EB
13682755,EB
13643051,EB
13397464,EB
13456555,EB
13404301,EB
13473080,EB
13687615,EB
13361822,EB
13628820,EB
13613269,EB
13447861,EB
13412255,EB
13642932,EB
13422261,EB
13364526,EB
13693315,EB
13711003,EB
13719041,EB
13908938,EB
13990436,EB
13830332,EB
13935727,EB
13970087,EB
14020352,EB
13801112,EB
13824707,EB
14402591,EB
14288315,EB
14122241,EB
14324051,EB
14118729,EB
14298385,EB
14153847,EB
14319075,EB
14339202,EB
14332473,EB
14204680,EB
14428792,EB
14134410,EB
14291147,EB
14355066,EB
14385053,EB
14350834,EB
14252130,EB
14392530,EB
14241913,EB
14647892,EB
14472057,EB
14506257,EB
14479563,EB
14463599,EB
14758469,EB
14538995,EB
14593764,EB
14501038,EB
14496217,EB
14568715,EB
14802644,EB
14523001,EB
14777453,EB
14792673,EB
14739863,EB
14639359,EB
14622972,EB
14553146,EB
14792653,EB
14520413,EB
15059463,EB
14996354,EB
14934582,EB
15067370,EB
15015123,EB
15036797,EB
15209848,EB
15099522,EB
15050624,EB
15185942,EB
14983939,EB
14958012,EB
15193009,EB
14847849,EB
15144812,EB
14825655,EB
15005756,EB
14931207,EB
15180151,EB
15143619,EB
14839976,EB
15072375,EB
15052210,EB
14961775,EB
15036436,EB
14866961,EB
14947486,EB
15173491,EB
15541886,EB
15522736,EB
15590270,EB
15469151,EB
15341977,EB
15435803,EB
15297171,EB
15517795,EB
15574933,EB
15532902,EB
15213991,EB
15528668,EB
15476260,EB
15544622,EB
15598180,EB
15478003,EB
15409954,EB
15415747,EB
15531542,EB
15329154,EB
15211321,EB
15220439,EB
15254290,EB
15568766,EB
15258728,EB
15527272,EB
15885653,EB
15748251,EB
15914540,EB
15903339,EB
15800304,EB
15895964,EB
15965864,EB
15756106,EB
15744353,EB
15990758,EB
15739880,EB
15723103,EB
15669988,EB
15627567,EB
15748224,EB
15813751,EB
15891670,EB
15779995,EB
15629815,EB
15615518,EB
15785272,EB
15635107,EB
15843279,EB
15695409,EB
16277405,EB
16411554,EB
16125124,EB
16202803,EB
16080949,EB
16201311,EB
16392893,EB
16091016,EB
16192070,EB
16148093,EB
16126821,EB
16184621,EB
16285874,EB
16037442,EB
16027213,EB
16275275,EB
16114773,EB
16213799,EB
16186489,EB
16251897,EB
16322742,EB
16283036,EB
16730714,EB
16694484,EB
16732110,EB
16585940,EB
16429765,EB
16565566,EB
16791800,EB
16786560,EB
16837728,EB
16680023,EB
16771007,EB
16772405,EB
16451582,EB
16534206,EB
16761690,EB
16653662,EB
16744006,EB
16659101,EB
16748057,EB
18140612,EB
18003140,EB
18143902,EB
17952641,EB
18067356,EB
18082632,EB
18040815,EB
18034354,EB
18049983,EB
17958363,EB
17906090,EB
17868852,EB
17923879,EB
17909981,EB
17875674,EB
17797806,EB
17768519,EB
17888320,EB
18070211,EB
18040499,EB
18020442,EB
18008609,EB
18011727,EB
18369295,EB
18348664,EB
18286349,EB
18356591,EB
18440016,EB
18355256,EB
18524508,EB
18233707,EB
18564689,EB
18262890,EB
18237209,EB
18200615,EB
18262305,EB
18303022,EB
18366877,EB
18425878,EB
18463550,EB
18165725,EB
18358062,EB
18365343,EB
18457593,EB
18593018,EB
18876041,EB
18886854,EB
18903377,EB
18676834,EB
18881768,EB
18687528,EB
18914977,EB
18918453,EB
18825401,EB
18905440,EB
18777589,EB
18587428,EB
18582042,EB
18839706,EB
18720940,EB
18912516,EB
18649437,EB
18920822,EB
19144173,EB
19065176,EB
19175542,EB
19123768,EB
19240781,EB
19030478,EB
19219665,EB
19248141,EB
19177141,EB
19003918,EB
18954289,EB
19029359,EB
19121312,EB
19022038,EB
19008047,EB
19031733,EB
18962190,EB
19097115,EB
19116910,EB
19177148,EB
19548895,EB
19484227,EB
19516236,EB
19432871,EB
19443517,EB
19563445,EB
19321158,EB
19338009,EB
19434679,EB
19580796,EB
19561948,EB
19339109,EB
19492872,EB
19554565,EB
19785439,EB
19648541,EB
19880853,EB
19829206,EB
19927422,EB
19926449,EB
19708313,EB
19686866,EB
19820688,EB
19928581,EB
19764252,EB
19828063,EB
19752221,EB
19914799,EB
19903618,EB
19819181,EB
19897730,EB
19903776,EB
19858403,EB
19824711,EB
19621282,EB
19925386,EB
19884349,EB
19906963,EB
19692246,EB
19702093,EB
19769167,EB
19735280,EB
19901121,EB
19798973,EB
19990261,EB
20079092,EB
19974129,EB
20075676,EB
20083833,EB
20129375,EB
20074218,EB
20070887,EB
20235961,EB
20236169,EB
20212390,EB
20192723,EB
20438561,EB
20351339,EB
20468321,EB
20259428,EB
20352515,EB
20427289,EB
20280597,EB
20254567,EB
20371308,EB
20288319,EB
20398210,EB
20372537,EB
20334947,EB
20698217,EB
20623696,EB
20557286,EB
20590238,EB
20710390,EB
20571318,EB
20621226,EB
20680160,EB
20687355,EB
20689235,EB
20657355,EB
20587530,EB
20706021,EB
20715071,EB
20777402,EB
20833846,EB
20723078,EB
20746436,EB
20725611,EB
20797457,EB
20787947,EB
20804594,EB
20763243,EB
20785317,EB
20866511,EB
20920965,EB
20937258,EB
20870476,EB
20916350,EB
20861579,EB
20865682,EB
21018374,EB
20999955,EB
21028253,EB
20982821,EB
20976339,EB
21016556,EB
20990672,EB
20965851,EB
20961058,EB
20977329,EB
21051581,EB
21062290,EB
74545,EB
190201,EB
182540,EB
230554,EB
255857,EB
334185,EB
418879,EB
560275,EB
569135,EB
463861,EB
531331,EB
566615,EB
379731,EB
403779,EB
518233,EB
4837436,EB
4838790,EB
4678343,EB
4600029,EB
4686368,EB
4731249,EB
4824998,EB
4636407,EB
4564726,EB
4831762,EB
4841915,EB
5050342,EB
4934114,EB
5131462,EB
4942802,EB
4959086,EB
4993776,EB
5505936,EB
5313348,EB
5327549,EB
5197992,EB
5325419,EB
5305589,EB
5849322,EB
5598232,EB
5755799,EB
5725211,EB
5592156,EB
5543919,EB
5825200,EB
5642558,EB
5893635,EB
5783198,EB
6046177,EB
5927155,EB
5922082,EB
5908537,EB
6184078,EB
6456166,EB
6357779,EB
6468124,EB
6525578,EB
6332356,EB
6288130,EB
6355447,EB
6667926,EB
7051144,EB
6677784,EB
6685059,EB
6778827,EB
6905120,EB
6920693,EB
7101581,EB
17084379,EB
7435552,EB
16894075,EB
17286117,EB
17274433,EB
17342857,EB
17157938,EB
17597186,EB
17524400,EB
17480642,EB
21384802,EB
21461642,EB
21401145,EB
21203594,EB
21420907,EB
21486032,EB
21549836,EB
21751319,EB
21666361,EB
21665608,EB
21825990,EB
22164469,EB
21895776,EB
21995454,EB
21978719,EB
22280880,EB
22587948,EB
22578715,EB
22721182,EB
22849777,EB
23245985,EB
23281199,EB
23247678,EB
23267056,EB
23581289,EB
23580243,EB
23809413,EB
23594608,EB
23614798,EB
23616106,EB
23582036,EB
23593788,EB
23795703,EB
23840147,EB
23541336,EB
23954222,EB
23884266,EB
23849616,EB
1045095,EB
921843,EB
24265735,EB
856137,EB
1066477,EB
1308565,EB
1289914,EB
1506638,EB
1793190,EB
1851295,EB
1876472,EB
1943525,EB
2370027,EB
2178286,EB
2634978,EB
2602707,EB
2948537,EB
3016980,EB
3015249,EB
3194508,EB
3140124,EB
3056354,EB
3116998,EB
3128933,EB
3463496,EB
3533792,EB
3916678,EB
3923365,EB
3964412,EB
3802689,EB
3973244,EB
4229429,EB
4027652,EB
4012679,EB
4108970,EB
4183906,EB
4112202,EB
4406662,EB
4459872,EB
4354765,EB
7930184,EB
7763356,EB
7933961,EB
7950636,EB
8244316,EB
8133488,EB
8174779,EB
8269323,EB
8189653,EB
8483641,EB
8458526,EB
8611053,EB
8604367,EB
8605645,EB
8404938,EB
8495939,EB
8860301,EB
8753182,EB
9072857,EB
9111980,EB
9431728,EB
9411366,EB
9274750,EB
9522694,EB
9287260,EB
9542116,EB
9786395,EB
9764991,EB
9697469,EB
9843537,EB
10178648,EB
10420155,EB
10352672,EB
10348090,EB
10337573,EB
10166691,EB
10388951,EB
10336985,EB
10375048,EB
10481330,EB
10660789,EB
10664456,EB
10609185,EB
10662289,EB
10581384,EB
11236739,EB
11231236,EB
11238522,EB
10927229,EB
10917192,EB
11057731,EB
10919784,EB
11365460,EB
11355976,EB
11626935,EB
11417615,EB
11651280,EB
11379304,EB
11437675,EB
11401230,EB
11699462,EB
11785270,EB
11932308,EB
11780577,EB
11957623,EB
12313852,EB
12586505,EB
12675297,EB
12643891,EB
12625670,EB
12517171,EB
12459165,EB
12882652,EB
12686384,EB
12692735,EB
12703783,EB
13201200,EB
13186691,EB
13095415,EB
13245042,EB
13063224,EB
13245386,EB
13637483,EB
13573253,EB
13813457,EB
13755234,EB
13935490,EB
14069478,EB
13740532,EB
13923029,EB
14026600,EB
14049818,EB
14226885,EB
14144427,EB
14420621,EB
14149757,EB
14315997,EB
14413957,EB
14328001,EB
14255146,EB
14189477,EB
14391509,EB
14401783,EB
14094032,EB
14239170,EB
14443369,EB
14814233,EB
14476701,EB
14668373,EB
14761028,EB
14604180,EB
14756313,EB
14832957,EB
15005886,EB
15047851,EB
15155402,EB
14828977,EB
15010645,EB
15208838,EB
14910000,EB
15036339,EB
15254183,EB
15480369,EB
15345149,EB
15543341,EB
15607217,EB
15414779,EB
15604693,EB
15242093,EB
15548914,EB
15284007,EB
15230073,EB
15574610,EB
15987611,EB
15637776,EB
15819805,EB
15919926,EB
15888421,EB
15951803,EB
16288747,EB
16390749,EB
16214472,EB
16085719,EB
16063761,EB
16178895,EB
16479020,EB
16805607,EB
16637980,EB
16562635,EB
16803044,EB
17858327,EB
18055009,EB
17919470,EB
18024182,EB
18101214,EB
18172882,EB
18489761,EB
18541863,EB
18527462,EB
18416275,EB
18402065,EB
18306708,EB
18648492,EB
18752642,EB
18623739,EB
18656001,EB
18905477,EB
18654943,EB
18762473,EB
19237903,EB
18997169,EB
19574789,EB
19581696,EB
19343622,EB
19327028,EB
19374553,EB
19470278,EB
19285511,EB
19375775,EB
19929139,EB
19835781,EB
19929460,EB
19927005,EB
19928095,EB
19715445,EB
19926704,EB
23483000,EB
19927647,EB
23483192,EB
23483233,EB
19914694,EB
23483244,EB
23483098,EB
23483037,EB
19928731,EB
23483279,EB
23483261,EB
23483141,EB
23483325,EB
19928791,EB
19737210,EB
23483065,EB
23483012,EB
19928765,EB
23483303,EB
19718604,EB
23483085,EB
23483008,EB
23483079,EB
23483198,EB
23483258,EB
19936527,EB
20032847,EB
20121650,EB
19995986,EB
20163800,EB
20059986,EB
20194811,EB
19972061,EB
20058128,EB
20097614,EB
20052828,EB
20454504,EB
20443973,EB
20392003,EB
20433635,EB
20293646,EB
20531095,EB
20704416,EB
20555958,EB
20715920,EB
20732818,EB
20804126,EB
20801328,EB
20763122,EB
20875091,EB
20855130,EB
20883721,EB
20993517,EB
178224,EB
400425,EB
4885717,EB
5764052,EB
6011733,EB
5901279,EB
6523187,EB
7221754,EB
21516768,EB
23896086,EB
917534,EB
24216004,EB
1305630,EB
1128811,EB
1492054,EB
1541626,EB
2595739,EB
3219035,EB
3329934,EB
4355908,EB
7933373,EB
8224922,EB
8799313,EB
11166089,EB
12330695,EB
12641788,EB
13088404,EB
13290819,EB
14903357,EB
15213323,EB
16486177,EB
17992460,EB
19811879,EB
16987719,EB
23119208,EB
23363752,EB
8774537,EB
14759790,EB
14596917,EB
15546465,EB
19318150,EB
19869921,EB
20642091,EB
5454943,EB
5702258,EB
6312625,EB
6679895,EB
7242732,EB
7243441,EB
22582512,EB
22598680,EB
22761613,EB
23260397,EB
918281,EB
1087936,EB
9014651,EB
9238018,EB
9299908,EB
10132759,EB
10040491,EB
10606728,EB
11047126,EB
11856290,EB
12142471,EB
12470142,EB
13016479,EB
13149431,EB
13666184,EB
14562188,EB
14456468,EB
15128238,EB
15008720,EB
14907569,EB
16046825,EB
16362900,EB
17809180,EB
18170252,EB
18512447,EB
19102362,EB
19713684,EB
71063,EB
6868167,EB
7439187,EB
17130728,EB
17546360,EB
21281847,EB
21793262,EB
22601475,EB
23140598,EB
23184879,EB
23355528,EB
23352177,EB
23697007,EB
1045890,EB
1019294,EB
1398038,EB
2028765,EB
2149181,EB
3787533,EB
4027162,EB
4531882,EB
4428517,EB
13579321,EB
14083195,EB
15543826,EB
15986215,EB
16021203,EB
18082719,EB
18748471,EB
19523436,EB
19509527,EB
20070149,EB
20882943,EB
92986,EB
283417,EB
292741,EB
329479,EB
346021,EB
343860,EB
577325,EB
573438,EB
533976,EB
491604,EB
377162,EB
571184,EB
4716383,EB
4639532,EB
4628138,EB
5124778,EB
4862473,EB
5037095,EB
4956156,EB
5180002,EB
4879810,EB
5056817,EB
5241993,EB
5316376,EB
5405675,EB
5439121,EB
5392375,EB
5512298,EB
5547191,EB
5698396,EB
5744703,EB
5755908,EB
5833222,EB
5786770,EB
5597135,EB
5819081,EB
5842276,EB
5971241,EB
6184914,EB
6216702,EB
6240176,EB
6240115,EB
5910599,EB
6203592,EB
5966299,EB
6139014,EB
6103850,EB
6070196,EB
5979964,EB
5958664,EB
6095137,EB
5927389,EB
5910099,EB
6067288,EB
6608109,EB
6598558,EB
6604937,EB
6573810,EB
6607874,EB
6566365,EB
6452148,EB
6367473,EB
7008076,EB
7325401,EB
7380463,EB
7246122,EB
17610493,EB
17507804,EB
21379220,EB
21339858,EB
21805414,EB
21646118,EB
21856428,EB
22021458,EB
22318468,EB
22323193,EB
22672563,EB
22962989,EB
23051985,EB
22911398,EB
23011736,EB
23079661,EB
23233881,EB
23350838,EB
23247863,EB
23218013,EB
23743120,EB
23631134,EB
23732479,EB
24136761,EB
24030775,EB
23958504,EB
24069138,EB
24072963,EB
23896347,EB
865510,EB
977101,EB
924405,EB
24215207,EB
24205854,EB
913320,EB
1391871,EB
1297279,EB
1275589,EB
1683589,EB
1667598,EB
1612845,EB
1565093,EB
1682540,EB
2014943,EB
2086810,EB
1974549,EB
2630745,EB
2565858,EB
2969097,EB
2863244,EB
2795340,EB
2805114,EB
3740859,EB
3849347,EB
4056588,EB
4351390,EB
4422971,EB
7917896,EB
8027142,EB
8215687,EB
8733583,EB
9003162,EB
9563412,EB
9614153,EB
9702790,EB
10361086,EB
11265995,EB
11378426,EB
11790064,EB
12191331,EB
12283875,EB
12249311,EB
12301742,EB
12089229,EB
12390274,EB
12508478,EB
12880937,EB
13152119,EB
13247068,EB
13059982,EB
13940653,EB
13954094,EB
14205372,EB
14817220,EB
14448789,EB
14564425,EB
14700461,EB
14935587,EB
14911095,EB
15064057,EB
14841562,EB
14865416,EB
14900115,EB
15293674,EB
15327415,EB
15263714,EB
15291490,EB
15456728,EB
15376648,EB
15568488,EB
15337724,EB
15371164,EB
15898895,EB
15780904,EB
15670595,EB
15781893,EB
15829874,EB
15847031,EB
15796684,EB
15862277,EB
16024902,EB
16044310,EB
16218560,EB
16355834,EB
16338656,EB
16404461,EB
16214536,EB
16318648,EB
16183982,EB
16410649,EB
16344733,EB
16630828,EB
16423598,EB
16733833,EB
16464929,EB
16831425,EB
16648210,EB
16598874,EB
16657659,EB
16498989,EB
17964029,EB
18126624,EB
17874927,EB
17753022,EB
17773803,EB
17761801,EB
17835223,EB
17856789,EB
18168390,EB
18895805,EB
18763372,EB
18657066,EB
18953192,EB
19140374,EB
19489228,EB
19501109,EB
19304486,EB
19620582,EB
20020556,EB
20015900,EB
20531765,EB
20729536,EB
20900570,EB
20900568,EB
21055211,EB
110206,EB
154606,EB
89711,EB
291777,EB
358301,EB
221694,EB
252284,EB
547201,EB
514207,EB
407281,EB
4808718,EB
4704692,EB
5051151,EB
5184349,EB
5415201,EB
5238090,EB
5357820,EB
5307666,EB
5479023,EB
5452145,EB
5259059,EB
5193640,EB
5821232,EB
5898616,EB
5719608,EB
5722700,EB
6202771,EB
6101322,EB
6577281,EB
6647540,EB
6838919,EB
7004605,EB
6715240,EB
7402989,EB
7066283,EB
7389657,EB
16989466,EB
17011710,EB
7481696,EB
17269001,EB
17389083,EB
17195842,EB
17306967,EB
17720776,EB
17506685,EB
21192780,EB
21199837,EB
21304732,EB
21518140,EB
22159524,EB
21865224,EB
21961808,EB
22046433,EB
21967256,EB
22269139,EB
22499844,EB
22191994,EB
22287451,EB
22323448,EB
22244704,EB
22758606,EB
23031526,EB
23023144,EB
23374655,EB
23784991,EB
23711274,EB
23751075,EB
23796115,EB
24166005,EB
24028630,EB
24079864,EB
1162592,EB
1103774,EB
2853142,EB
3611303,EB
3879717,EB
3917944,EB
3904626,EB
3942817,EB
4343791,EB
7568154,EB
7679659,EB
7797681,EB
7778095,EB
7914586,EB
7824100,EB
7908101,EB
8175323,EB
8912411,EB
8759044,EB
8776933,EB
8761079,EB
8675526,EB
9227092,EB
9298504,EB
9619992,EB
9686488,EB
9837314,EB
10380706,EB
10446485,EB
10247574,EB
10764932,EB
10617428,EB
10825745,EB
11142378,EB
11100516,EB
11164967,EB
11090071,EB
11496529,EB
11606824,EB
11458251,EB
11819426,EB
11963916,EB
12284060,EB
12284009,EB
12854699,EB
12991087,EB
13141670,EB
13342676,EB
13293930,EB
13216730,EB
13370317,EB
13908471,EB
13849837,EB
14183370,EB
14316945,EB
14752041,EB
14610988,EB
14590263,EB
14818158,EB
14688430,EB
14446035,EB
14721235,EB
14455402,EB
15094852,EB
15032503,EB
15130344,EB
14982809,EB
15543959,EB
15281799,EB
15350676,EB
15243580,EB
15384498,EB
15343268,EB
15549350,EB
15604572,EB
15302470,EB
15777228,EB
15611295,EB
16598126,EB
16428977,EB
16634355,EB
16533089,EB
16799641,EB
16645458,EB
16554979,EB
17985238,EB
17981381,EB
18001324,EB
17855762,EB
17747157,EB
18032651,EB
18514233,EB
18322950,EB
18183454,EB
18303699,EB
18473466,EB
18288372,EB
18576325,EB
18648053,EB
18702507,EB
19335726,EB
20555400,EB
20997988,EB
20952881,EB
21374299,SXPh
22306983,SXPh
1149510,SXPh
1499145,SXPh
3650526,SXPh
3753972,SXPh
4029486,SXPh
7611453,SXPh
13606134,SXPh
18045478,SXPh
1426326,SXPh
3844867,SXPh
9328902,SXPh
9790684,SXPh
10343059,SXPh
11937119,SXPh
14358703,SXPh
14810330,SXPh
14996613,SXPh
16300115,SXPh
17812270,SXPh
565638,SXPh
4589162,SXPh
17103900,SXPh
17195747,SXPh
21322749,SXPh
23683047,SXPh
1683151,SXPh
2158320,SXPh
3279505,SXPh
3942646,SXPh
4297735,SXPh
7667538,SXPh
7526955,SXPh
7704199,SXPh
7953994,SXPh
8563493,SXPh
8983648,SXPh
9272851,SXPh
10178590,SXPh
10965014,SXPh
11693275,SXPh
13175638,SXPh
13043556,SXPh
13320417,SXPh
14384380,SXPh
16541112,SXPh
549204,SXPh
5622533,SXPh
24062105,SXPh
9742353,SXPh
18691568,SXPh
16574303,SXPh
11570517,SXPh
11375941,SXPh
15066171,SXPh
12536474,SXPh
14306671,SXPh
7834923,SXPh
24548286,SXPh
24827687,SXPh
7405066,SXPh
17486338,SXPh
22829618,SXPh
23076584,SXPh
23008936,SXPh
23846829,SXPh
1781225,SXPh
2634740,SXPh
9943088,SXPh
11400604,SXPh
16586778,SXPh
25031337,SXPh
5535277,SXPh
23842791,SXPh
10993867,SXPh
15383124,SXPh
24974740,SXPh
4860319,SXPh
19542794,SXPh
21010291,SXPh
13836407,SXPh
13803333,SXPh
15495473,SXPh
18385620,SXPh
2697597,SXPh
8085222,SXPh
9805921,SXPh
11726211,SXPh
13179418,SXPh
14052249,SXPh
14725595,SXPh
15825812,SXPh
16733767,SXPh
18133967,SXPh
14549195,SXPh
20822204,SXPh
1937256,SXPh
15917033,SXPh
17873922,SXPh
29848,RRab
32086,RRab
50402,RRab
62892,RRab
91437,RRab
104455,RRab
105039,RRab
108513,RRab
136668,RRab
142794,RRab
158779,RRab
162255,RRab
172382,RRab
186102,RRab
215632,RRab
237645,RRab
262052,RRab
263541,RRab
283977,RRab
292731,RRab
301424,RRab
303860,RRab
309626,RRab
339256,RRab
355767,RRab
386501,RRab
389206,RRab
393084,RRab
418785,RRab
420327,RRab
437483,RRab
439441,RRab
454639,RRab
469273,RRab
514883,RRab
522995,RRab
539382,RRab
603606,RRab
607523,RRab
608335,RRab
609637,RRab
655961,RRab
662873,RRab
664583,RRab
670864,RRab
675936,RRab
693239,RRab
729823,RRab
740663,RRab
771232,RRab
779088,RRab
798477,RRab
803829,RRab
810169,RRab
813450,RRab
836895,RRab
856862,RRab
859687,RRab
864702,RRab
869112,RRab
872620,RRab
877826,RRab
880588,RRab
883073,RRab
885361,RRab
895953,RRab
899832,RRab
906458,RRab
908040,RRab
914746,RRab
924301,RRab
931943,RRab
932617,RRab
934262,RRab
940906,RRab
960084,RRab
966279,RRab
967924,RRab
968962,RRab
969277,RRab
970326,RRab
976746,RRab
980313,RRab
999528,RRab
1004849,RRab
1005497,RRab
1034627,RRab
1041411,RRab
1051858,RRab
1058132,RRab
1058843,RRab
1059786,RRab
1072104,RRab
1083271,RRab
1088506,RRab
1092244,RRab
1102647,RRab
1107333,RRab
1109778,RRab
1111522,RRab
1112498,RRab
1114091,RRab
1117792,RRab
1127427,RRab
1129060,RRab
1131911,RRab
1132871,RRab
1136763,RRab
1145534,RRab
1147942,RRab
1148376,RRab
1152390,RRab
1157809,RRab
1166831,RRab
1167251,RRab
1173922,RRab
1176456,RRab
1177765,RRab
1179977,RRab
1194308,RRab
1210506,RRab
1212611,RRab
1223684,RRab
1226099,RRab
1226545,RRab
1236887,RRab
1240665,RRab
1244554,RRab
1249142,RRab
1253935,RRab
1265213,RRab
1267506,RRab
1271119,RRab
1317052,RRab
1322116,RRab
1323886,RRab
1327836,RRab
1327845,RRab
1332201,RRab
1348385,RRab
1359290,RRab
1372405,RRab
1390653,RRab
1403290,RRab
1414515,RRab
1421322,RRab
1422988,RRab
1426563,RRab
1432268,RRab
1434107,RRab
1435297,RRab
1448299,RRab
1451910,RRab
1457871,RRab
1462142,RRab
1462162,RRab
1463563,RRab
1469499,RRab
1478037,RRab
1478767,RRab
1480148,RRab
1484275,RRab
1487893,RRab
1489696,RRab
1491155,RRab
1491942,RRab
1492129,RRab
1495560,RRab
1499034,RRab
1503549,RRab
1508774,RRab
1515928,RRab
1519279,RRab
1524145,RRab
1531005,RRab
1537926,RRab
1539000,RRab
1547241,RRab
1551446,RRab
1554511,RRab
1554576,RRab
1584721,RRab
1586584,RRab
1588548,RRab
1593736,RRab
1615764,RRab
1619501,RRab
1627564,RRab
1634230,RRab
1634758,RRab
1637658,RRab
1647413,RRab
1648028,RRab
1650268,RRab
1656623,RRab
1679845,RRab
1684856,RRab
1686268,RRab
1687512,RRab
1691290,RRab
1710162,RRab
1711847,RRab
1730779,RRab
1736308,RRab
1741598,RRab
1743480,RRab
1759845,RRab
1765143,RRab
1768446,RRab
1780485,RRab
1784249,RRab
1784750,RRab
1785366,RRab
1786397,RRab
1788821,RRab
1790596,RRab
1796376,RRab
1804305,RRab
1804606,RRab
1817613,RRab
1818091,RRab
1820759,RRab
1828651,RRab
1844071,RRab
1852714,RRab
1853844,RRab
1857382,RRab
1863652,RRab
1867745,RRab
1869056,RRab
1871314,RRab
1871916,RRab
1871919,RRab
1875961,RRab
1876491,RRab
1878259,RRab
1879499,RRab
1882354,RRab
1885158,RRab
1890167,RRab
1892465,RRab
1928593,RRab
1931332,RRab
1931336,RRab
1932600,RRab
1932680,RRab
1935242,RRab
1936459,RRab
1942597,RRab
1950085,RRab
1956049,RRab
1968997,RRab
1978709,RRab
2019524,RRab
2019603,RRab
2021527,RRab
2023155,RRab
2029707,RRab
2041979,RRab
2044369,RRab
2050107,RRab
2075949,RRab
2079147,RRab
2084890,RRab
2086204,RRab
2090716,RRab
2095105,RRab
2097529,RRab
2101707,RRab
2104700,RRab
2106779,RRab
2117028,RRab
2118419,RRab
2119424,RRab
2119778,RRab
2121670,RRab
2123240,RRab
2125638,RRab
2137184,RRab
2139149,RRab
2140224,RRab
2144595,RRab
2144933,RRab
2145400,RRab
2145643,RRab
2146807,RRab
2153793,RRab
2154370,RRab
2155393,RRab
2163379,RRab
2169784,RRab
2182731,RRab
2193140,RRab
2197514,RRab
2197735,RRab
2201336,RRab
2204856,RRab
2206731,RRab
2209936,RRab
2224033,RRab
2224955,RRab
2225686,RRab
2227132,RRab
2229607,RRab
2230438,RRab
2230712,RRab
2240118,RRab
2241015,RRab
2242157,RRab
2243683,RRab
2248787,RRab
2248829,RRab
2264042,RRab
2273383,RRab
2276533,RRab
2280940,RRab
2284940,RRab
2285108,RRab
2286734,RRab
2301515,RRab
2313352,RRab
2314965,RRab
2321260,RRab
2327858,RRab
2333087,RRab
2334384,RRab
2340795,RRab
2341370,RRab
2357763,RRab
2383627,RRab
2390130,RRab
2395055,RRab
2396101,RRab
2397296,RRab
2404549,RRab
2414841,RRab
2419376,RRab
2429661,RRab
2432843,RRab
2432947,RRab
2436939,RRab
2444108,RRab
2453514,RRab
2455568,RRab
2458783,RRab
2462460,RRab
2464031,RRab
2475488,RRab
2479330,RRab
2486854,RRab
2495418,RRab
2511724,RRab
2512872,RRab
2521294,RRab
2532058,RRab
2562782,RRab
2564971,RRab
2565234,RRab
2566499,RRab
2568913,RRab
2574370,RRab
2583141,RRab
2587263,RRab
2590360,RRab
2593243,RRab
2606813,RRab
2612592,RRab
2623858,RRab
2631092,RRab
2638821,RRab
2641261,RRab
2642429,RRab
2653982,RRab
2657618,RRab
2660232,RRab
2667036,RRab
2669011,RRab
2672050,RRab
2681141,RRab
2681658,RRab
2682286,RRab
2686501,RRab
2686769,RRab
2697848,RRab
2700889,RRab
2714034,RRab
2719024,RRab
2719627,RRab
2723487,RRab
2730508,RRab
2732667,RRab
2732738,RRab
2733495,RRab
2733709,RRab
2734326,RRab
2742032,RRab
2742544,RRab
2744607,RRab
2751585,RRab
2762596,RRab
2765760,RRab
2766464,RRab
2768994,RRab
2774834,RRab
2779320,RRab
2780833,RRab
2782227,RRab
2783087,RRab
2792252,RRab
2805918,RRab
2814584,RRab
2819333,RRab
2819824,RRab
2820204,RRab
2820629,RRab
2823121,RRab
2823745,RRab
2826769,RRab
2829423,RRab
2840198,RRab
2840300,RRab
2846194,RRab
2846389,RRab
2848196,RRab
2851826,RRab
2853685,RRab
2855337,RRab
2855834,RRab
2857355,RRab
2870903,RRab
2873728,RRab
2873744,RRab
2874684,RRab
2880595,RRab
2883088,RRab
2885571,RRab
2889542,RRab
2892940,RRab
2893479,RRab
2896541,RRab
2898747,RRab
2901810,RRab
2914946,RRab
2916827,RRab
2939499,RRab
2942636,RRab
2945746,RRab
2967526,RRab
2969333,RRab
2978038,RRab
2979506,RRab
2981890,RRab
2989064,RRab
2997346,RRab
3010152,RRab
3012669,RRab
3016199,RRab
3018935,RRab
3026820,RRab
3036295,RRab
3038299,RRab
3044799,RRab
3045044,RRab
3047651,RRab
3048546,RRab
3068485,RRab
3069079,RRab
3069808,RRab
3071889,RRab
3074040,RRab
3089703,RRab
3090362,RRab
3090366,RRab
3090809,RRab
3093436,RRab
3094018,RRab
3100547,RRab
3104968,RRab
3108461,RRab
3116029,RRab
3116137,RRab
3117442,RRab
3117883,RRab
3118906,RRab
3127102,RRab
3136663,RRab
3137532,RRab
3140682,RRab
3142907,RRab
3149365,RRab
3152782,RRab
3158696,RRab
3160442,RRab
3163597,RRab
3166271,RRab
3166867,RRab
3170992,RRab
3172635,RRab
3176620,RRab
3180346,RRab
3182414,RRab
3182815,RRab
3185905,RRab
3186870,RRab
3196279,RRab
3196780,RRab
3202443,RRab
3210786,RRab
3211928,RRab
3218931,RRab
3219476,RRab
3223170,RRab
3227957,RRab
3236819,RRab
3242671,RRab
3246187,RRab
3265982,RRab
3271753,RRab
3274944,RRab
3282321,RRab
3284459,RRab
3284564,RRab
3288363,RRab
3288667,RRab
3293042,RRab
3294319,RRab
3305492,RRab
3310041,RRab
3332343,RRab
3334669,RRab
3342373,RRab
3342950,RRab
3343188,RRab
3353370,RRab
3362790,RRab
3374690,RRab
3375043,RRab
3377349,RRab
3387099,RRab
3389834,RRab
3390699,RRab
3391290,RRab
3393080,RRab
3394127,RRab
3395297,RRab
3399571,RRab
3400601,RRab
3405178,RRab
3413796,RRab
3420024,RRab
3429434,RRab
3437725,RRab
3440695,RRab
3441938,RRab
3442109,RRab
3453897,RRab
3455210,RRab
3459188,RRab
3465483,RRab
3465603,RRab
3466279,RRab
3469698,RRab
3481248,RRab
3484576,RRab
3487989,RRab
3489379,RRab
3489905,RRab
3491283,RRab
3491287,RRab
3491938,RRab
3493955,RRab
3498187,RRab
3502388,RRab
3504169,RRab
3511281,RRab
3512757,RRab
3516226,RRab
3522594,RRab
3522874,RRab
3526221,RRab
3531461,RRab
3540655,RRab
3540890,RRab
3541085,RRab
3545171,RRab
3546792,RRab
3553152,RRab
3558911,RRab
3563952,RRab
3564769,RRab
3566920,RRab
3570133,RRab
3574728,RRab
3579016,RRab
3587878,RRab
3589854,RRab
3591037,RRab
3592837,RRab
3605112,RRab
3606435,RRab
3613989,RRab
3615994,RRab
3616789,RRab
3619552,RRab
3621142,RRab
3621579,RRab
3630417,RRab
3635248,RRab
3638758,RRab
3639805,RRab
3639968,RRab
3641822,RRab
3642730,RRab
3645412,RRab
3649421,RRab
3654689,RRab
3663073,RRab
3666049,RRab
3668485,RRab
3670897,RRab
3672628,RRab
3672819,RRab
3675771,RRab
3676443,RRab
3677748,RRab
3678005,RRab
3678737,RRab
3680400,RRab
3688032,RRab
3688536,RRab
3691007,RRab
3697174,RRab
3698797,RRab
3699202,RRab
3707553,RRab
3715027,RRab
3715099,RRab
3726649,RRab
3729253,RRab
3749370,RRab
3750490,RRab
3751606,RRab
3752096,RRab
3758054,RRab
3763697,RRab
3771707,RRab
3786203,RRab
3787433,RRab
3793026,RRab
3795007,RRab
3796930,RRab
3797767,RRab
3801580,RRab
3805831,RRab
3811231,RRab
3812141,RRab
3815329,RRab
3827763,RRab
3843170,RRab
3845748,RRab
3847643,RRab
3851585,RRab
3892018,RRab
3915086,RRab
3920725,RRab
3925506,RRab
3937413,RRab
3941776,RRab
3943373,RRab
3945265,RRab
3946968,RRab
3947360,RRab
3948689,RRab
3949961,RRab
3952758,RRab
3960704,RRab
3963089,RRab
3966729,RRab
3970646,RRab
3970921,RRab
3970956,RRab
3973779,RRab
3975651,RRab
3981681,RRab
3988307,RRab
3992818,RRab
3993532,RRab
3995865,RRab
4000406,RRab
4007749,RRab
4015174,RRab
4018950,RRab
4019844,RRab
4022950,RRab
4023650,RRab
4027414,RRab
4035425,RRab
4037691,RRab
4044456,RRab
4052617,RRab
4052762,RRab
4056635,RRab
4058362,RRab
4060156,RRab
4062229,RRab
4062404,RRab
4064073,RRab
4068023,RRab
4073015,RRab
4073552,RRab
4074683,RRab
4077006,RRab
4080898,RRab
4082526,RRab
4110858,RRab
4118255,RRab
4129242,RRab
4129542,RRab
4131649,RRab
4136438,RRab
4139829,RRab
4141002,RRab
4143623,RRab
4156169,RRab
4164181,RRab
4171129,RRab
4182729,RRab
4187804,RRab
4192107,RRab
4192631,RRab
4193666,RRab
4195492,RRab
4208422,RRab
4210518,RRab
4218233,RRab
4221971,RRab
4223699,RRab
4225134,RRab
4225408,RRab
4228011,RRab
4228794,RRab
4229566,RRab
4234952,RRab
4241471,RRab
4244373,RRab
4246661,RRab
4252841,RRab
4256365,RRab
4271396,RRab
4273998,RRab
4276778,RRab
4278157,RRab
4283975,RRab
4285485,RRab
4287330,RRab
4290839,RRab
4292213,RRab
4293918,RRab
4302278,RRab
4305964,RRab
4309358,RRab
4310768,RRab
4314873,RRab
4315569,RRab
4316849,RRab
4325364,RRab
4329665,RRab
4330205,RRab
4333766,RRab
4333811,RRab
4335857,RRab
4336034,RRab
4343459,RRab
4354685,RRab
4354965,RRab
4357717,RRab
4359531,RRab
4359545,RRab
4360830,RRab
4361485,RRab
4363105,RRab
4367166,RRab
4372335,RRab
4379469,RRab
4381499,RRab
4383859,RRab
4389853,RRab
4393288,RRab
4394877,RRab
4395542,RRab
4398228,RRab
4404024,RRab
4404355,RRab
4405149,RRab
4411751,RRab
4418095,RRab
4425185,RRab
4425201,RRab
4426062,RRab
4437685,RRab
4443155,RRab
4443639,RRab
4447925,RRab
4450360,RRab
4451144,RRab
4452718,RRab
4458058,RRab
4481053,RRab
4484709,RRab
4493533,RRab
4495086,RRab
4496463,RRab
4499117,RRab
4501885,RRab
4509428,RRab
4512465,RRab
4517155,RRab
4520420,RRab
4523979,RRab
4525420,RRab
4526979,RRab
4527825,RRab
4528901,RRab
4530156,RRab
4536502,RRab
4536644,RRab
4539471,RRab
4544582,RRab
4545362,RRab
4546177,RRab
4547090,RRab
4547881,RRab
4551971,RRab
4554769,RRab
4586691,RRab
4598268,RRab
4598709,RRab
4600749,RRab
4620408,RRab
4630804,RRab
4636405,RRab
4638687,RRab
4672469,RRab
4674457,RRab
4711034,RRab
4776056,RRab
4778367,RRab
4783834,RRab
4815083,RRab
4818868,RRab
4827660,RRab
4830870,RRab
4835022,RRab
4852402,RRab
4893166,RRab
4895826,RRab
4912051,RRab
4962401,RRab
4965557,RRab
5008442,RRab
5011499,RRab
5025355,RRab
5037484,RRab
5037547,RRab
5074963,RRab
5083974,RRab
5088156,RRab
5115185,RRab
5122878,RRab
5125006,RRab
5132840,RRab
5148766,RRab
5168861,RRab
5185192,RRab
5204442,RRab
5207635,RRab
5214049,RRab
5244248,RRab
5253415,RRab
5272753,RRab
5294696,RRab
5298487,RRab
5308380,RRab
5308437,RRab
5314025,RRab
5316834,RRab
5328934,RRab
5353858,RRab
5364504,RRab
5379535,RRab
5388371,RRab
5390545,RRab
5398864,RRab
5416042,RRab
5421989,RRab
5423183,RRab
5424357,RRab
5447374,RRab
5460635,RRab
5498510,RRab
5504645,RRab
5512757,RRab
5530643,RRab
5540836,RRab
5553496,RRab
5554814,RRab
5570322,RRab
5595336,RRab
5596557,RRab
5600406,RRab
5627773,RRab
5627961,RRab
5633348,RRab
5648149,RRab
5656083,RRab
5664268,RRab
5673412,RRab
5681705,RRab
5692103,RRab
5699257,RRab
5727443,RRab
5749985,RRab
5768501,RRab
5773475,RRab
5776261,RRab
5785619,RRab
5785678,RRab
5788456,RRab
5790128,RRab
5791005,RRab
5797095,RRab
5809276,RRab
5824361,RRab
5835578,RRab
5837620,RRab
5839006,RRab
5844704,RRab
5851959,RRab
5854030,RRab
5859332,RRab
5865270,RRab
5872173,RRab
5876590,RRab
5887670,RRab
5895287,RRab
5896424,RRab
5904405,RRab
5905370,RRab
5921648,RRab
5931160,RRab
5949224,RRab
5973991,RRab
5976666,RRab
5977252,RRab
5977769,RRab
5978478,RRab
6007776,RRab
6018678,RRab
6022777,RRab
6027467,RRab
6045236,RRab
6057017,RRab
6095278,RRab
6102373,RRab
6127356,RRab
6170117,RRab
6182519,RRab
6183351,RRab
6189712,RRab
6225979,RRab
6226778,RRab
6231902,RRab
6246025,RRab
6248770,RRab
6266717,RRab
6270279,RRab
6276308,RRab
6277201,RRab
6284132,RRab
6290507,RRab
6290968,RRab
6296545,RRab
6299726,RRab
6311319,RRab
6375464,RRab
6376775,RRab
6378230,RRab
6388543,RRab
6388995,RRab
6397998,RRab
6406166,RRab
6429965,RRab
6430374,RRab
6445370,RRab
6445513,RRab
6448022,RRab
6449103,RRab
6457808,RRab
6460125,RRab
6470328,RRab
6506948,RRab
6509278,RRab
6553432,RRab
6553731,RRab
6570390,RRab
6572432,RRab
6577662,RRab
6582265,RRab
6597115,RRab
6617372,RRab
6617944,RRab
6620225,RRab
6621105,RRab
6622123,RRab
6629991,RRab
6649325,RRab
6655187,RRab
6665721,RRab
6681275,RRab
6682990,RRab
6686425,RRab
6694407,RRab
6695255,RRab
6700355,RRab
6701509,RRab
6701688,RRab
6703186,RRab
6703382,RRab
6712266,RRab
6726468,RRab
6747445,RRab
6752330,RRab
6756657,RRab
6772185,RRab
6777823,RRab
6791774,RRab
6793815,RRab
6831710,RRab
6837232,RRab
6840753,RRab
6844511,RRab
6846020,RRab
6881038,RRab
6883239,RRab
6885895,RRab
6895456,RRab
6911545,RRab
6919278,RRab
6934885,RRab
6960146,RRab
6967017,RRab
6987875,RRab
6988765,RRab
7003637,RRab
7024251,RRab
7027713,RRab
7054653,RRab
7056251,RRab
7057628,RRab
7064706,RRab
7065833,RRab
7073993,RRab
7080188,RRab
7086820,RRab
7087769,RRab
7099062,RRab
7115920,RRab
7119535,RRab
7123729,RRab
7124974,RRab
7124989,RRab
7129161,RRab
7131981,RRab
7143226,RRab
7148033,RRab
7152380,RRab
7153126,RRab
7164526,RRab
7179711,RRab
7181976,RRab
7187041,RRab
7198302,RRab
7199723,RRab
7206315,RRab
7209720,RRab
7218445,RRab
7218554,RRab
7225018,RRab
7233299,RRab
7243445,RRab
7254801,RRab
7271186,RRab
7277349,RRab
7283275,RRab
7284080,RRab
7298848,RRab
7316833,RRab
7317346,RRab
7338511,RRab
7338610,RRab
7366860,RRab
7369132,RRab
7372492,RRab
7382400,RRab
7399346,RRab
7411446,RRab
7411461,RRab
7428828,RRab
7443719,RRab
7455952,RRab
7461734,RRab
7471929,RRab
7477110,RRab
7510192,RRab
7523453,RRab
7528321,RRab
7535651,RRab
7546570,RRab
7550256,RRab
7553128,RRab
7559485,RRab
7562636,RRab
7567994,RRab
7568311,RRab
7580733,RRab
7581097,RRab
7584848,RRab
7598693,RRab
7601233,RRab
7606320,RRab
7622527,RRab
7630668,RRab
7633153,RRab
7649575,RRab
7651171,RRab
7657340,RRab
7657552,RRab
7657773,RRab
7661142,RRab
7664663,RRab
7665463,RRab
7665845,RRab
7673372,RRab
7673657,RRab
7673910,RRab
7679709,RRab
7682099,RRab
7687811,RRab
7689167,RRab
7691010,RRab
7697261,RRab
7699470,RRab
7700211,RRab
7702676,RRab
7705497,RRab
7705899,RRab
7706670,RRab
7706724,RRab
7712495,RRab
7712653,RRab
7716220,RRab
7716353,RRab
7716752,RRab
7723614,RRab
7727617,RRab
7728983,RRab
7733465,RRab
7735376,RRab
7735676,RRab
7752928,RRab
7763040,RRab
7764653,RRab
7776303,RRab
7779949,RRab
7783192,RRab
7787834,RRab
7800953,RRab
7805413,RRab
7810484,RRab
7811366,RRab
7819515,RRab
7820016,RRab
7826990,RRab
7831009,RRab
7834196,RRab
7844345,RRab
7846640,RRab
7852994,RRab
7853020,RRab
7856049,RRab
7862348,RRab
7868255,RRab
7869430,RRab
7873857,RRab
7874933,RRab
7897530,RRab
7904246,RRab
7908628,RRab
7920102,RRab
7925995,RRab
7949405,RRab
7956265,RRab
7957197,RRab
7960363,RRab
7960609,RRab
7979038,RRab
7990230,RRab
7990577,RRab
7994149,RRab
7994198,RRab
7994456,RRab
7997579,RRab
8000644,RRab
8003415,RRab
8010233,RRab
8013409,RRab
8027315,RRab
8027671,RRab
8028126,RRab
8028290,RRab
8033733,RRab
8039024,RRab
8044046,RRab
8045288,RRab
8052673,RRab
8053689,RRab
8057988,RRab
8061507,RRab
8072397,RRab
8075268,RRab
8076889,RRab
8080972,RRab
8088157,RRab
8088756,RRab
8098767,RRab
8099074,RRab
8100474,RRab
8106099,RRab
8107761,RRab
8127063,RRab
8127317,RRab
8132908,RRab
8137175,RRab
8142534,RRab
8152581,RRab
8153152,RRab
8154564,RRab
8155947,RRab
8156812,RRab
8171197,RRab
8173247,RRab
8175767,RRab
8185242,RRab
8204721,RRab
8205369,RRab
8207815,RRab
8214374,RRab
8218548,RRab
8229040,RRab
8238914,RRab
8249262,RRab
8250507,RRab
8255199,RRab
8264035,RRab
8267062,RRab
8271771,RRab
8293972,RRab
8306649,RRab
8311517,RRab
8313260,RRab
8316634,RRab
8318076,RRab
8318215,RRab
8322711,RRab
8325365,RRab
8326935,RRab
8333452,RRab
8337518,RRab
8338209,RRab
8342007,RRab
8343291,RRab
8348113,RRab
8349990,RRab
8352513,RRab
8366230,RRab
8366927,RRab
8370218,RRab
8380961,RRab
8384110,RRab
8386990,RRab
8394074,RRab
8395250,RRab
8405435,RRab
8421216,RRab
8428593,RRab
8438911,RRab
8440861,RRab
8453011,RRab
8465710,RRab
8480948,RRab
8482990,RRab
8491405,RRab
8503727,RRab
8504147,RRab
8512182,RRab
8524058,RRab
8538083,RRab
8538323,RRab
8540533,RRab
8540978,RRab
8561625,RRab
8564618,RRab
8570281,RRab
8574195,RRab
8578437,RRab
8581632,RRab
8595392,RRab
8600142,RRab
8608048,RRab
8610884,RRab
8610949,RRab
8611846,RRab
8618638,RRab
8620327,RRab
8621004,RRab
8623110,RRab
8624237,RRab
8627194,RRab
8630471,RRab
8634854,RRab
8638887,RRab
8639953,RRab
8641088,RRab
8642538,RRab
8645065,RRab
8646040,RRab
8649255,RRab
8651676,RRab
8657412,RRab
8661641,RRab
8669829,RRab
8669917,RRab
8678641,RRab
8680084,RRab
8681167,RRab
8683059,RRab
8685793,RRab
8686093,RRab
8686111,RRab
8686874,RRab
8688016,RRab
8691739,RRab
8692807,RRab
8693020,RRab
8695250,RRab
8696180,RRab
8697840,RRab
8699787,RRab
8710187,RRab
8718935,RRab
8725233,RRab
8729307,RRab
8730052,RRab
8738578,RRab
8740618,RRab
8742110,RRab
8745394,RRab
8746916,RRab
8747835,RRab
8747909,RRab
8750211,RRab
8750363,RRab
8763412,RRab
8764536,RRab
8775452,RRab
8777377,RRab
8779669,RRab
8783797,RRab
8786633,RRab
8787382,RRab
8797911,RRab
8802205,RRab
8805597,RRab
8807945,RRab
8814941,RRab
8820406,RRab
8820713,RRab
8823736,RRab
8827417,RRab
8839396,RRab
8840415,RRab
8843427,RRab
8843646,RRab
8846275,RRab
8847755,RRab
8852059,RRab
8853237,RRab
8857917,RRab
8860098,RRab
8866444,RRab
8867725,RRab
8869325,RRab
8894249,RRab
8901601,RRab
8902279,RRab
8907563,RRab
8909468,RRab
8914489,RRab
8918743,RRab
8922628,RRab
8927173,RRab
8929826,RRab
8930253,RRab
8931344,RRab
8933075,RRab
8933546,RRab
8940889,RRab
8942173,RRab
8946605,RRab
8951269,RRab
8952120,RRab
8955278,RRab
8966884,RRab
8973081,RRab
8973140,RRab
8982313,RRab
8984249,RRab
8986096,RRab
8997099,RRab
8998929,RRab
9011013,RRab
9014689,RRab
9017927,RRab
9018303,RRab
9022659,RRab
9026628,RRab
9041967,RRab
9043024,RRab
9050751,RRab
9053681,RRab
9054729,RRab
9060010,RRab
9062695,RRab
9063194,RRab
9066685,RRab
9070238,RRab
9073923,RRab
9075982,RRab
9087253,RRab
9097272,RRab
9098882,RRab
9099158,RRab
9101955,RRab
9102864,RRab
9106157,RRab
9122839,RRab
9128968,RRab
9129158,RRab
9132182,RRab
9141213,RRab
9146764,RRab
9148395,RRab
9150148,RRab
9153907,RRab
9159520,RRab
9162236,RRab
9163315,RRab
9167292,RRab
9171529,RRab
9173874,RRab
9176715,RRab
9192820,RRab
9201337,RRab
9208280,RRab
9216472,RRab
9223072,RRab
9230409,RRab
9245012,RRab
9245220,RRab
9246950,RRab
9250453,RRab
9251983,RRab
9252050,RRab
9258096,RRab
9265911,RRab
9267798,RRab
9269206,RRab
9272744,RRab
9273467,RRab
9274099,RRab
9286563,RRab
9288982,RRab
9290338,RRab
9300759,RRab
9302842,RRab
9304586,RRab
9306104,RRab
9311552,RRab
9321631,RRab
9325665,RRab
9326181,RRab
9340123,RRab
9345335,RRab
9347823,RRab
9353335,RRab
9354080,RRab
9357148,RRab
9357185,RRab
9357252,RRab
9362275,RRab
9362756,RRab
9368972,RRab
9385020,RRab
9387914,RRab
9389680,RRab
9394521,RRab
9397110,RRab
9399448,RRab
9402947,RRab
9405692,RRab
9408031,RRab
9410512,RRab
9416313,RRab
9436763,RRab
9442268,RRab
9449335,RRab
9452752,RRab
9457165,RRab
9460236,RRab
9461301,RRab
9488722,RRab
9503033,RRab
9507066,RRab
9507140,RRab
9517563,RRab
9518436,RRab
9520295,RRab
9539686,RRab
9541058,RRab
9543313,RRab
9549458,RRab
9550506,RRab
9551663,RRab
9552682,RRab
9555061,RRab
9556484,RRab
9569090,RRab
9570220,RRab
9577512,RRab
9582553,RRab
9592766,RRab
9605143,RRab
9609227,RRab
9614952,RRab
9616228,RRab
9616661,RRab
9622423,RRab
9630269,RRab
9634233,RRab
9634528,RRab
9634901,RRab
9636803,RRab
9638542,RRab
9638545,RRab
9644871,RRab
9651045,RRab
9659866,RRab
9661563,RRab
9664926,RRab
9669369,RRab
9670749,RRab
9671771,RRab
9681652,RRab
9684652,RRab
9692259,RRab
9699731,RRab
9701769,RRab
9702207,RRab
9705621,RRab
9711574,RRab
9716337,RRab
9719111,RRab
9720295,RRab
9720957,RRab
9725098,RRab
9725407,RRab
9739675,RRab
9742111,RRab
9747095,RRab
9750968,RRab
9761394,RRab
9763096,RRab
9765493,RRab
9766686,RRab
9767181,RRab
9767520,RRab
9788296,RRab
9805426,RRab
9805460,RRab
9808328,RRab
9809715,RRab
9811639,RRab
9814275,RRab
9818617,RRab
9819409,RRab
9820050,RRab
9822987,RRab
9824595,RRab
9824609,RRab
9827581,RRab
9828200,RRab
9830849,RRab
9831726,RRab
9831804,RRab
9834064,RRab
9838906,RRab
9840932,RRab
9843137,RRab
9852554,RRab
9853018,RRab
9854852,RRab
9855123,RRab
9856232,RRab
9858475,RRab
9869879,RRab
9878044,RRab
9887899,RRab
9890993,RRab
9902993,RRab
9905603,RRab
9909145,RRab
9911195,RRab
9918809,RRab
9920704,RRab
9923943,RRab
9925904,RRab
9926305,RRab
9932799,RRab
9955383,RRab
9957629,RRab
9961135,RRab
9961746,RRab
9971811,RRab
9972307,RRab
9975669,RRab
9983476,RRab
9987252,RRab
10004892,RRab
10009249,RRab
10022663,RRab
10030349,RRab
10033693,RRab
10040133,RRab
10045187,RRab
10046720,RRab
10047498,RRab
10064356,RRab
10066464,RRab
10073927,RRab
10074243,RRab
10077105,RRab
10084768,RRab
10100966,RRab
10109509,RRab
10114059,RRab
10116555,RRab
10123919,RRab
10136576,RRab
10139585,RRab
10141859,RRab
10142693,RRab
10151200,RRab
10167668,RRab
10168807,RRab
10177907,RRab
10178827,RRab
10181239,RRab
10202680,RRab
10211390,RRab
10212012,RRab
10215128,RRab
10215434,RRab
10223525,RRab
10228292,RRab
10235783,RRab
10239371,RRab
10240846,RRab
10244898,RRab
10256108,RRab
10256156,RRab
10257006,RRab
10260150,RRab
10275201,RRab
10275547,RRab
10287952,RRab
10298947,RRab
10307294,RRab
10310788,RRab
10312182,RRab
10322436,RRab
10323028,RRab
10324405,RRab
10325207,RRab
10327541,RRab
10330471,RRab
10333591,RRab
10341978,RRab
10342292,RRab
10351118,RRab
10355826,RRab
10368252,RRab
10375719,RRab
10377498,RRab
10382114,RRab
10384548,RRab
10397082,RRab
10397805,RRab
10399422,RRab
10407938,RRab
10411875,RRab
10412814,RRab
10414344,RRab
10420063,RRab
10423642,RRab
10429339,RRab
10434735,RRab
10437513,RRab
10438847,RRab
10442149,RRab
10445917,RRab
10450815,RRab
10451864,RRab
10452608,RRab
10454857,RRab
10463586,RRab
10472382,RRab
10476202,RRab
10480526,RRab
10481905,RRab
10487890,RRab
10488093,RRab
10492836,RRab
10494061,RRab
10495321,RRab
10498524,RRab
10503746,RRab
10505581,RRab
10513749,RRab
10517655,RRab
10521151,RRab
10521362,RRab
10522254,RRab
10533068,RRab
10537767,RRab
10559406,RRab
10563859,RRab
10569367,RRab
10572075,RRab
10575954,RRab
10593916,RRab
10598277,RRab
10603937,RRab
10611989,RRab
10612301,RRab
10614240,RRab
10619660,RRab
10622048,RRab
10623386,RRab
10634459,RRab
10635599,RRab
10637553,RRab
10638116,RRab
10641614,RRab
10647040,RRab
10655742,RRab
10663340,RRab
10689075,RRab
10693572,RRab
10694800,RRab
10695312,RRab
10697950,RRab
10701503,RRab
10702354,RRab
10703872,RRab
10714683,RRab
10723388,RRab
10725047,RRab
10731279,RRab
10732721,RRab
10734524,RRab
10739694,RRab
10747080,RRab
10748057,RRab
10761441,RRab
10774194,RRab
10779721,RRab
10790955,RRab
10799030,RRab
10805415,RRab
10814742,RRab
10824108,RRab
10826695,RRab
10827065,RRab
10832978,RRab
10841805,RRab
10842378,RRab
10859354,RRab
10862169,RRab
10864743,RRab
10870864,RRab
10873417,RRab
10879524,RRab
10890118,RRab
10898584,RRab
10912285,RRab
10916176,RRab
10926207,RRab
10926489,RRab
10927581,RRab
10930979,RRab
10933020,RRab
10933723,RRab
10934597,RRab
10937742,RRab
10944852,RRab
10946515,RRab
10951722,RRab
10954700,RRab
10957462,RRab
10960912,RRab
10966184,RRab
10969124,RRab
10980280,RRab
10999111,RRab
10999682,RRab
11007728,RRab
11009131,RRab
11010159,RRab
11015044,RRab
11027581,RRab
11046933,RRab
11050962,RRab
11057638,RRab
11061527,RRab
11062341,RRab
11066953,RRab
11068756,RRab
11075644,RRab
11078671,RRab
11084071,RRab
11094703,RRab
11107357,RRab
11109260,RRab
11116839,RRab
11117424,RRab
11118709,RRab
11119381,RRab
11120720,RRab
11125438,RRab
11127493,RRab
11129616,RRab
11134934,RRab
11143366,RRab
11151226,RRab
11175527,RRab
11178050,RRab
11187857,RRab
11203069,RRab
11203803,RRab
11204058,RRab
11206727,RRab
11214551,RRab
11215595,RRab
11220804,RRab
11224124,RRab
11239408,RRab
11252630,RRab
11262045,RRab
11264171,RRab
11266421,RRab
11268582,RRab
11282537,RRab
11289127,RRab
11293454,RRab
11293509,RRab
11296138,RRab
11316846,RRab
11321453,RRab
11323391,RRab
11324733,RRab
11324988,RRab
11325737,RRab
11327535,RRab
11339944,RRab
11344576,RRab
11348055,RRab
11354297,RRab
11363998,RRab
11368047,RRab
11372153,RRab
11373237,RRab
11382007,RRab
11384593,RRab
11386927,RRab
11389855,RRab
11391197,RRab
11392023,RRab
11402513,RRab
11408699,RRab
11410670,RRab
11413263,RRab
11418140,RRab
11421059,RRab
11425991,RRab
11426705,RRab
11430495,RRab
11432081,RRab
11438295,RRab
11438674,RRab
11441597,RRab
11446564,RRab
11448655,RRab
11450844,RRab
11450924,RRab
11453870,RRab
11457713,RRab
11462986,RRab
11465701,RRab
11476826,RRab
11491234,RRab
11492977,RRab
11494677,RRab
11500384,RRab
11500817,RRab
11525189,RRab
11529554,RRab
11534086,RRab
11545369,RRab
11561080,RRab
11563929,RRab
11587684,RRab
11588863,RRab
11591510,RRab
11596145,RRab
11597683,RRab
11597881,RRab
11601918,RRab
11609573,RRab
11611430,RRab
11621839,RRab
11623053,RRab
11627799,RRab
11630009,RRab
11630322,RRab
11644471,RRab
11652004,RRab
11656564,RRab
11657126,RRab
11663372,RRab
11667868,RRab
11675090,RRab
11684132,RRab
11688186,RRab
11691999,RRab
11693233,RRab
11704053,RRab
11705227,RRab
11710343,RRab
11714464,RRab
11721002,RRab
11722875,RRab
11739544,RRab
11748489,RRab
11750532,RRab
11781078,RRab
11781491,RRab
11806061,RRab
11809856,RRab
11843692,RRab
11845290,RRab
11848378,RRab
11857301,RRab
11857385,RRab
11864180,RRab
11864431,RRab
11887989,RRab
11896841,RRab
11912411,RRab
11918858,RRab
11922992,RRab
11929402,RRab
11930498,RRab
11934810,RRab
11942032,RRab
11949036,RRab
11950801,RRab
11953609,RRab
11968367,RRab
11969582,RRab
11972638,RRab
11986645,RRab
11992284,RRab
12000305,RRab
12000716,RRab
12005595,RRab
12019667,RRab
12028462,RRab
12030800,RRab
12031948,RRab
12035870,RRab
12039129,RRab
12042131,RRab
12052216,RRab
12052313,RRab
12062665,RRab
12074944,RRab
12077930,RRab
12088350,RRab
12091674,RRab
12093139,RRab
12102822,RRab
12105373,RRab
12105672,RRab
12108241,RRab
12113810,RRab
12114002,RRab
12115965,RRab
12117961,RRab
12118274,RRab
12124761,RRab
12133810,RRab
12149191,RRab
12163629,RRab
12180729,RRab
12181468,RRab
12191421,RRab
12192232,RRab
12192263,RRab
12201893,RRab
12202400,RRab
12217047,RRab
12225068,RRab
12239871,RRab
12246112,RRab
12246346,RRab
12246627,RRab
12252043,RRab
12259035,RRab
12273208,RRab
12274311,RRab
12282761,RRab
12286050,RRab
12288666,RRab
12289659,RRab
12294987,RRab
12297213,RRab
12307056,RRab
12310943,RRab
12321943,RRab
12331756,RRab
12335795,RRab
12347656,RRab
12355665,RRab
12359105,RRab
12361500,RRab
12364597,RRab
12369016,RRab
12376815,RRab
12382106,RRab
12389449,RRab
12402647,RRab
12404555,RRab
12405343,RRab
12409868,RRab
12422664,RRab
12464278,RRab
12464670,RRab
12473468,RRab
12474014,RRab
12496042,RRab
12502187,RRab
12516209,RRab
12525125,RRab
12526629,RRab
12533027,RRab
12535483,RRab
12544799,RRab
12556271,RRab
12569794,RRab
12573895,RRab
12578804,RRab
12583285,RRab
12586257,RRab
12588097,RRab
12590447,RRab
12603859,RRab
12606410,RRab
12606453,RRab
12611230,RRab
12616804,RRab
12617298,RRab
12622733,RRab
12627837,RRab
12644081,RRab
12646875,RRab
12650705,RRab
12655997,RRab
12657885,RRab
12677907,RRab
12682467,RRab
12683218,RRab
12689098,RRab
12694054,RRab
12696409,RRab
12704270,RRab
12705111,RRab
12706659,RRab
12708840,RRab
12712936,RRab
12725415,RRab
12728740,RRab
12734547,RRab
12737827,RRab
12738274,RRab
12754432,RRab
12757511,RRab
12759924,RRab
12762287,RRab
12765243,RRab
12773588,RRab
12781147,RRab
12789802,RRab
12800455,RRab
12800586,RRab
12807414,RRab
12810906,RRab
12832989,RRab
12833050,RRab
12837651,RRab
12840478,RRab
12844761,RRab
12845434,RRab
12852289,RRab
12856149,RRab
12858280,RRab
12865650,RRab
12876197,RRab
12877772,RRab
12890600,RRab
12895722,RRab
12901802,RRab
12905848,RRab
12921862,RRab
12921912,RRab
12928773,RRab
12936747,RRab
12943921,RRab
12947453,RRab
12955634,RRab
12961736,RRab
12968233,RRab
12970590,RRab
12971301,RRab
12973845,RRab
12976785,RRab
12977946,RRab
12978739,RRab
12985545,RRab
12987800,RRab
12994117,RRab
12994912,RRab
13005046,RRab
13008531,RRab
13011972,RRab
13012463,RRab
13012936,RRab
13015485,RRab
13021365,RRab
13021604,RRab
13026468,RRab
13033809,RRab
13035082,RRab
13049022,RRab
13052359,RRab
13061514,RRab
13062458,RRab
13066028,RRab
13087122,RRab
13097949,RRab
13102760,RRab
13103579,RRab
13104605,RRab
13112616,RRab
13116521,RRab
13119720,RRab
13131929,RRab
13139126,RRab
13151179,RRab
13155170,RRab
13170768,RRab
13172492,RRab
13174732,RRab
13174852,RRab
13188404,RRab
13191796,RRab
13196446,RRab
13214916,RRab
13215994,RRab
13222675,RRab
13227470,RRab
13233004,RRab
13237486,RRab
13242491,RRab
13242539,RRab
13247846,RRab
13263496,RRab
13265836,RRab
13269153,RRab
13271465,RRab
13273848,RRab
13282721,RRab
13286196,RRab
13293509,RRab
13294050,RRab
13306266,RRab
13331395,RRab
13335550,RRab
13335662,RRab
13340950,RRab
13355848,RRab
13359760,RRab
13367453,RRab
13374892,RRab
13379825,RRab
13384630,RRab
13389636,RRab
13389982,RRab
13419213,RRab
13423223,RRab
13438932,RRab
13447113,RRab
13448594,RRab
13474411,RRab
13480349,RRab
13486069,RRab
13488714,RRab
13493820,RRab
13498334,RRab
13499277,RRab
13506406,RRab
13509076,RRab
13510688,RRab
13515755,RRab
13517578,RRab
13520565,RRab
13531483,RRab
13532136,RRab
13533257,RRab
13533890,RRab
13535712,RRab
13543506,RRab
13547350,RRab
13572414,RRab
13579176,RRab
13583394,RRab
13587309,RRab
13594650,RRab
13596315,RRab
13597118,RRab
13603454,RRab
13606056,RRab
13614384,RRab
13620414,RRab
13633259,RRab
13633522,RRab
13640621,RRab
13661796,RRab
13662364,RRab
13673198,RRab
13674967,RRab
13690975,RRab
13693388,RRab
13702405,RRab
13703527,RRab
13711043,RRab
13711306,RRab
13716339,RRab
13721099,RRab
13732108,RRab
13733154,RRab
13738750,RRab
13740631,RRab
13744873,RRab
13752690,RRab
13771111,RRab
13777183,RRab
13781188,RRab
13782315,RRab
13788914,RRab
13796841,RRab
13803688,RRab
13803795,RRab
13806334,RRab
13806739,RRab
13806757,RRab
13809726,RRab
13811074,RRab
13814018,RRab
13818376,RRab
13819343,RRab
13841481,RRab
13843839,RRab
13845434,RRab
13850643,RRab
13863167,RRab
13866427,RRab
13871104,RRab
13883388,RRab
13900437,RRab
13903374,RRab
13906430,RRab
13907158,RRab
13914778,RRab
13917101,RRab
13929276,RRab
13929802,RRab
13945144,RRab
13950339,RRab
13952612,RRab
13955294,RRab
13957426,RRab
13957470,RRab
13968909,RRab
13970971,RRab
13977155,RRab
13989720,RRab
14023650,RRab
14025578,RRab
14034653,RRab
14048448,RRab
14051320,RRab
14052247,RRab
14076193,RRab
14076319,RRab
14078886,RRab
14085213,RRab
14092581,RRab
14096577,RRab
14098182,RRab
14133488,RRab
14133630,RRab
14140470,RRab
14149087,RRab
14155360,RRab
14159640,RRab
14160184,RRab
14160995,RRab
14166387,RRab
14167512,RRab
14174508,RRab
14175387,RRab
14178112,RRab
14189598,RRab
14193913,RRab
14194241,RRab
14197111,RRab
14197910,RRab
14201780,RRab
14219893,RRab
14220905,RRab
14225011,RRab
14229885,RRab
14233422,RRab
14236777,RRab
14237419,RRab
14240885,RRab
14243082,RRab
14249062,RRab
14257637,RRab
14263619,RRab
14272108,RRab
14279792,RRab
14285740,RRab
14299756,RRab
14303456,RRab
14305083,RRab
14310401,RRab
14313545,RRab
14315049,RRab
14318376,RRab
14332587,RRab
14351896,RRab
14354711,RRab
14371943,RRab
14374443,RRab
14385018,RRab
14392797,RRab
14394829,RRab
14396814,RRab
14398096,RRab
14400528,RRab
14404377,RRab
14407874,RRab
14418194,RRab
14426666,RRab
14445292,RRab
14448701,RRab
14455191,RRab
14459169,RRab
14467112,RRab
14468802,RRab
14469935,RRab
14490804,RRab
14494482,RRab
14497809,RRab
14505695,RRab
14516222,RRab
14520582,RRab
14527091,RRab
14530677,RRab
14534492,RRab
14535370,RRab
14539006,RRab
14539636,RRab
14550152,RRab
14558660,RRab
14568004,RRab
14568687,RRab
14574896,RRab
14580013,RRab
14580536,RRab
14611723,RRab
14613659,RRab
14624723,RRab
14635658,RRab
14638252,RRab
14649907,RRab
14651682,RRab
14659554,RRab
14682208,RRab
14685228,RRab
14685889,RRab
14698421,RRab
14698801,RRab
14699977,RRab
14700479,RRab
14713219,RRab
14714962,RRab
14730421,RRab
14745819,RRab
14746104,RRab
14758749,RRab
14761159,RRab
14761509,RRab
14763565,RRab
14773579,RRab
14776614,RRab
14776710,RRab
14781458,RRab
14781595,RRab
14783731,RRab
14784565,RRab
14785361,RRab
14786257,RRab
14787281,RRab
14800585,RRab
14815330,RRab
14819773,RRab
14822071,RRab
14826094,RRab
14828866,RRab
14829773,RRab
14833214,RRab
14836017,RRab
14839036,RRab
14841252,RRab
14845461,RRab
14846276,RRab
14846743,RRab
14846953,RRab
14851787,RRab
14853646,RRab
14854121,RRab
14858117,RRab
14884199,RRab
14891009,RRab
14897213,RRab
14902930,RRab
14920624,RRab
14935620,RRab
14940236,RRab
14942624,RRab
14966396,RRab
14969179,RRab
14974416,RRab
14988624,RRab
14991380,RRab
14993380,RRab
15004439,RRab
15005421,RRab
15009461,RRab
15018742,RRab
15026457,RRab
15026621,RRab
15028927,RRab
15060955,RRab
15074067,RRab
15074884,RRab
15075296,RRab
15079001,RRab
15083119,RRab
15083281,RRab
15092813,RRab
15099715,RRab
15103917,RRab
15107119,RRab
15110193,RRab
15116660,RRab
15134836,RRab
15138660,RRab
15145466,RRab
15155179,RRab
15166954,RRab
15168002,RRab
15168253,RRab
15173488,RRab
15174124,RRab
15180606,RRab
15187999,RRab
15193286,RRab
15200453,RRab
15203513,RRab
15209887,RRab
15210162,RRab
15215311,RRab
15218210,RRab
15227408,RRab
15234545,RRab
15240181,RRab
15241467,RRab
15243838,RRab
15260032,RRab
15261440,RRab
15268869,RRab
15284973,RRab
15286656,RRab
15303129,RRab
15317421,RRab
15318968,RRab
15322165,RRab
15326287,RRab
15330035,RRab
15330522,RRab
15358807,RRab
15368419,RRab
15368452,RRab
15368574,RRab
15384710,RRab
15387533,RRab
15393467,RRab
15404404,RRab
15413302,RRab
15415981,RRab
15416881,RRab
15420439,RRab
15426512,RRab
15435056,RRab
15461123,RRab
15473065,RRab
15475646,RRab
15484612,RRab
15493890,RRab
15494401,RRab
15504072,RRab
15520425,RRab
15526810,RRab
15532634,RRab
15544406,RRab
15550225,RRab
15551122,RRab
15555412,RRab
15556404,RRab
15571325,RRab
15577933,RRab
15579435,RRab
15597960,RRab
15628518,RRab
15629693,RRab
15637436,RRab
15663247,RRab
15666332,RRab
15669167,RRab
15677612,RRab
15687037,RRab
15690965,RRab
15697486,RRab
15700663,RRab
15712095,RRab
15712449,RRab
15715021,RRab
15718781,RRab
15721740,RRab
15724061,RRab
15728324,RRab
15751544,RRab
15754598,RRab
15770869,RRab
15778861,RRab
15780274,RRab
15782719,RRab
15791429,RRab
15797916,RRab
15798814,RRab
15799706,RRab
15802998,RRab
15805992,RRab
15810080,RRab
15812801,RRab
15826650,RRab
15842236,RRab
15866286,RRab
15868866,RRab
15871857,RRab
15881732,RRab
15889083,RRab
15896865,RRab
15912661,RRab
15914847,RRab
15916971,RRab
15918313,RRab
15927842,RRab
15928281,RRab
15932891,RRab
15946049,RRab
15951293,RRab
15958022,RRab
15962466,RRab
15965699,RRab
15971458,RRab
15981456,RRab
15982983,RRab
15983976,RRab
15987972,RRab
15991455,RRab
15996592,RRab
16003034,RRab
16007517,RRab
16007879,RRab
16012689,RRab
16014335,RRab
16018462,RRab
16018664,RRab
16019763,RRab
16019992,RRab
16026887,RRab
16030380,RRab
16042037,RRab
16048352,RRab
16051165,RRab
16062058,RRab
16064998,RRab
16073428,RRab
16084775,RRab
16099645,RRab
16100697,RRab
16100993,RRab
16109752,RRab
16110553,RRab
16112580,RRab
16114295,RRab
16121653,RRab
16121952,RRab
16127031,RRab
16139119,RRab
16148758,RRab
16157334,RRab
16160255,RRab
16164186,RRab
16167875,RRab
16173901,RRab
16181306,RRab
16184448,RRab
16195878,RRab
16199312,RRab
16200468,RRab
16208806,RRab
16232352,RRab
16233159,RRab
16238840,RRab
16239611,RRab
16254594,RRab
16257850,RRab
16258664,RRab
16259674,RRab
16267265,RRab
16270112,RRab
16277003,RRab
16277791,RRab
16279008,RRab
16282822,RRab
16282896,RRab
16294827,RRab
16295811,RRab
16308462,RRab
16318334,RRab
16319448,RRab
16321713,RRab
16325816,RRab
16326313,RRab
16330139,RRab
16330918,RRab
16332335,RRab
16333577,RRab
16336140,RRab
16339032,RRab
16352801,RRab
16357584,RRab
16358172,RRab
16359928,RRab
16369534,RRab
16370070,RRab
16375078,RRab
16379790,RRab
16384629,RRab
16387328,RRab
16390922,RRab
16402447,RRab
16409061,RRab
16409783,RRab
16417593,RRab
16418981,RRab
16419261,RRab
16425019,RRab
16426733,RRab
16428980,RRab
16432538,RRab
16446996,RRab
16460683,RRab
16461348,RRab
16465741,RRab
16466750,RRab
16469904,RRab
16470504,RRab
16480704,RRab
16483679,RRab
16487905,RRab
16494763,RRab
16496571,RRab
16499251,RRab
16502611,RRab
16503186,RRab
16506289,RRab
16506652,RRab
16514830,RRab
16517678,RRab
16528073,RRab
16532099,RRab
16538941,RRab
16558358,RRab
16560563,RRab
16566249,RRab
16573903,RRab
16576219,RRab
16582677,RRab
16585813,RRab
16586026,RRab
16586271,RRab
16600479,RRab
16612984,RRab
16627902,RRab
16645807,RRab
16651490,RRab
16653597,RRab
16660233,RRab
16660485,RRab
16661710,RRab
16663006,RRab
16670893,RRab
16679055,RRab
16684220,RRab
16703174,RRab
16703716,RRab
16703794,RRab
16705018,RRab
16705362,RRab
16705938,RRab
16713873,RRab
16714704,RRab
16715726,RRab
16721283,RRab
16726217,RRab
16728054,RRab
16728832,RRab
16732829,RRab
16733581,RRab
16734516,RRab
16742987,RRab
16744355,RRab
16745803,RRab
16750709,RRab
16758964,RRab
16759604,RRab
16762218,RRab
16763492,RRab
16763983,RRab
16766640,RRab
16768181,RRab
16770851,RRab
16776795,RRab
16789788,RRab
16791001,RRab
16792697,RRab
16810498,RRab
16812072,RRab
16822932,RRab
16827661,RRab
16832817,RRab
16846842,RRab
16863508,RRab
16865420,RRab
16884557,RRab
16897155,RRab
16898351,RRab
16901692,RRab
16902810,RRab
16916046,RRab
16918653,RRab
16926277,RRab
16927228,RRab
16928999,RRab
16929698,RRab
16932116,RRab
16956865,RRab
16960026,RRab
16968703,RRab
16968725,RRab
16971175,RRab
16980721,RRab
16981207,RRab
16983422,RRab
16988102,RRab
16990248,RRab
16991760,RRab
16992947,RRab
16997258,RRab
17005824,RRab
17009525,RRab
17030093,RRab
17031281,RRab
17042648,RRab
17065172,RRab
17100276,RRab
17108059,RRab
17133581,RRab
17138124,RRab
17145364,RRab
17151564,RRab
17153405,RRab
17164066,RRab
17167175,RRab
17167284,RRab
17168353,RRab
17168875,RRab
17171492,RRab
17176117,RRab
17181303,RRab
17184253,RRab
17185566,RRab
17196061,RRab
17198267,RRab
17207368,RRab
17209174,RRab
17216032,RRab
17218471,RRab
17219858,RRab
17247918,RRab
17249044,RRab
17256607,RRab
17259682,RRab
17272333,RRab
17275627,RRab
17294184,RRab
17297638,RRab
17302403,RRab
17305806,RRab
17336233,RRab
17350130,RRab
17352164,RRab
17370336,RRab
17373195,RRab
17388305,RRab
17403485,RRab
17404363,RRab
17412064,RRab
17418926,RRab
17422590,RRab
17427291,RRab
17436807,RRab
17439636,RRab
17444609,RRab
17452152,RRab
17475914,RRab
17476779,RRab
17479708,RRab
17502860,RRab
17508928,RRab
17522253,RRab
17522470,RRab
17528272,RRab
17529609,RRab
17544856,RRab
17547893,RRab
17548175,RRab
17555840,RRab
17571845,RRab
17575342,RRab
17586216,RRab
17587726,RRab
17595150,RRab
17597222,RRab
17623132,RRab
17625530,RRab
17632653,RRab
17633750,RRab
17635845,RRab
17659706,RRab
17667753,RRab
17669543,RRab
17691774,RRab
17695468,RRab
17701075,RRab
17703382,RRab
17737859,RRab
17758201,RRab
17764853,RRab
17770982,RRab
17774173,RRab
17777735,RRab
17791513,RRab
17791592,RRab
17792324,RRab
17794872,RRab
17796264,RRab
17817559,RRab
17819838,RRab
17840532,RRab
17845655,RRab
17855398,RRab
17872765,RRab
17880250,RRab
17882849,RRab
17886572,RRab
17896313,RRab
17904849,RRab
17908878,RRab
17912714,RRab
17915724,RRab
17928126,RRab
17934303,RRab
17944410,RRab
17958638,RRab
17960099,RRab
17980316,RRab
17984561,RRab
17989090,RRab
17992521,RRab
17992869,RRab
18001184,RRab
18006468,RRab
18008605,RRab
18010252,RRab
18011690,RRab
18029924,RRab
18034228,RRab
18040121,RRab
18040761,RRab
18041681,RRab
18052204,RRab
18053182,RRab
18068298,RRab
18074746,RRab
18075405,RRab
18079205,RRab
18079284,RRab
18099799,RRab
18122794,RRab
18134675,RRab
18136696,RRab
18140963,RRab
18146943,RRab
18147921,RRab
18163088,RRab
18168976,RRab
18174096,RRab
18175552,RRab
18177380,RRab
18180699,RRab
18186536,RRab
18191098,RRab
18199140,RRab
18200420,RRab
18220691,RRab
18220730,RRab
18231820,RRab
18232336,RRab
18238514,RRab
18247095,RRab
18248621,RRab
18252312,RRab
18258445,RRab
18261085,RRab
18264432,RRab
18270533,RRab
18277497,RRab
18279703,RRab
18291912,RRab
18294655,RRab
18308507,RRab
18314836,RRab
18318057,RRab
18322845,RRab
18330754,RRab
18335321,RRab
18340317,RRab
18354697,RRab
18365068,RRab
18369449,RRab
18371428,RRab
18371755,RRab
18373326,RRab
18376664,RRab
18387995,RRab
18388910,RRab
18389411,RRab
18391768,RRab
18400410,RRab
18402327,RRab
18411162,RRab
18411945,RRab
18412886,RRab
18421902,RRab
18426491,RRab
18427215,RRab
18429098,RRab
18434831,RRab
18439055,RRab
18442127,RRab
18442650,RRab
18443329,RRab
18443717,RRab
18458290,RRab
18465689,RRab
18467764,RRab
18472804,RRab
18488307,RRab
18498050,RRab
18502454,RRab
18504033,RRab
18508280,RRab
18510465,RRab
18517822,RRab
18522234,RRab
18525697,RRab
18527878,RRab
18533525,RRab
18535710,RRab
18536264,RRab
18545645,RRab
18554649,RRab
18558776,RRab
18560875,RRab
18577393,RRab
18581745,RRab
18585429,RRab
18585950,RRab
18590945,RRab
18601264,RRab
18604956,RRab
18612093,RRab
18621185,RRab
18630928,RRab
18630933,RRab
18632436,RRab
18645911,RRab
18646776,RRab
18646888,RRab
18656286,RRab
18657652,RRab
18670733,RRab
18673762,RRab
18682363,RRab
18685506,RRab
18687637,RRab
18688188,RRab
18695200,RRab
18708980,RRab
18709742,RRab
18715663,RRab
18724144,RRab
18725275,RRab
18733483,RRab
18734141,RRab
18740506,RRab
18743802,RRab
18744546,RRab
18745455,RRab
18750906,RRab
18757298,RRab
18757926,RRab
18763325,RRab
18767616,RRab
18769661,RRab
18772329,RRab
18772490,RRab
18786504,RRab
18788000,RRab
18789639,RRab
18792797,RRab
18793971,RRab
18794648,RRab
18796691,RRab
18818346,RRab
18828005,RRab
18833036,RRab
18833436,RRab
18835375,RRab
18835631,RRab
18836176,RRab
18837551,RRab
18839873,RRab
18842335,RRab
18847366,RRab
18847802,RRab
18855941,RRab
18857359,RRab
18860127,RRab
18870159,RRab
18870268,RRab
18875199,RRab
18875920,RRab
18899519,RRab
18901286,RRab
18915042,RRab
18923259,RRab
18935889,RRab
18945850,RRab
18961784,RRab
18963976,RRab
18974055,RRab
18980586,RRab
18997392,RRab
19006702,RRab
19012211,RRab
19013715,RRab
19013854,RRab
19019521,RRab
19025349,RRab
19030974,RRab
19038923,RRab
19055167,RRab
19063684,RRab
19064575,RRab
19070350,RRab
19072034,RRab
19079910,RRab
19082421,RRab
19100907,RRab
19105307,RRab
19111756,RRab
19112080,RRab
19115211,RRab
19116046,RRab
19127881,RRab
19133143,RRab
19134411,RRab
19137212,RRab
19156959,RRab
19161465,RRab
19172651,RRab
19178292,RRab
19190106,RRab
19203146,RRab
19207944,RRab
19210556,RRab
19216436,RRab
19224554,RRab
19224568,RRab
19226503,RRab
19230984,RRab
19256871,RRab
19260165,RRab
19291111,RRab
19292869,RRab
19296451,RRab
19306954,RRab
19308940,RRab
19323641,RRab
19328398,RRab
19333021,RRab
19339041,RRab
19339276,RRab
19342614,RRab
19343889,RRab
19356745,RRab
19372092,RRab
19378602,RRab
19378645,RRab
19379140,RRab
19384502,RRab
19385650,RRab
19403325,RRab
19408994,RRab
19409771,RRab
19411796,RRab
19411836,RRab
19418755,RRab
19420546,RRab
19427328,RRab
19431073,RRab
19442796,RRab
19443584,RRab
19444258,RRab
19444905,RRab
19448347,RRab
19450314,RRab
19450752,RRab
19451642,RRab
19456834,RRab
19457238,RRab
19459131,RRab
19466437,RRab
19472283,RRab
19481276,RRab
19494565,RRab
19501642,RRab
19505504,RRab
19508345,RRab
19508548,RRab
19517555,RRab
19517626,RRab
19521959,RRab
19532942,RRab
19537629,RRab
19539409,RRab
19547406,RRab
19548146,RRab
19553811,RRab
19556356,RRab
19558250,RRab
19562378,RRab
19566624,RRab
19567025,RRab
19571377,RRab
19579074,RRab
19592440,RRab
19593570,RRab
19597618,RRab
19598169,RRab
19612582,RRab
19618183,RRab
19618765,RRab
19639608,RRab
19644291,RRab
19646284,RRab
19647429,RRab
19655048,RRab
19656177,RRab
19660707,RRab
19661763,RRab
19668062,RRab
19670874,RRab
19674074,RRab
19677381,RRab
19677589,RRab
19683023,RRab
19687340,RRab
19695942,RRab
19699379,RRab
19706694,RRab
19707725,RRab
19722067,RRab
19722083,RRab
19725677,RRab
19726478,RRab
19735557,RRab
19740740,RRab
19741703,RRab
19744819,RRab
19748319,RRab
19752017,RRab
19756040,RRab
19757037,RRab
19758292,RRab
19760695,RRab
19762016,RRab
19765790,RRab
19772324,RRab
19772953,RRab
19773423,RRab
19780691,RRab
19786391,RRab
19788178,RRab
19792648,RRab
19792797,RRab
19797976,RRab
19798914,RRab
19806944,RRab
19809329,RRab
19809695,RRab
19816005,RRab
19817821,RRab
19833598,RRab
19838287,RRab
19845547,RRab
19852177,RRab
19854346,RRab
19858292,RRab
19870725,RRab
19876677,RRab
19882206,RRab
19886966,RRab
19892691,RRab
19894436,RRab
19898204,RRab
19925986,RRab
19937621,RRab
19959995,RRab
19970118,RRab
19976574,RRab
19984166,RRab
19988983,RRab
20009098,RRab
20009658,RRab
20024869,RRab
20035511,RRab
20037383,RRab
20048769,RRab
20049373,RRab
20051838,RRab
20055247,RRab
20056718,RRab
20060385,RRab
20061356,RRab
20063211,RRab
20067913,RRab
20072948,RRab
20075875,RRab
20078862,RRab
20082328,RRab
20084674,RRab
20092061,RRab
20093680,RRab
20098606,RRab
20128903,RRab
20132306,RRab
20151328,RRab
20153535,RRab
20153737,RRab
20158313,RRab
20161009,RRab
20171137,RRab
20174974,RRab
20185633,RRab
20195319,RRab
20213977,RRab
20221780,RRab
20222740,RRab
20227792,RRab
20236979,RRab
20241611,RRab
20244737,RRab
20248225,RRab
20256416,RRab
20256778,RRab
20259909,RRab
20266781,RRab
20269515,RRab
20270338,RRab
20271572,RRab
20279879,RRab
20281293,RRab
20281501,RRab
20281705,RRab
20283240,RRab
20286405,RRab
20293625,RRab
20302023,RRab
20303778,RRab
20322579,RRab
20322879,RRab
20326720,RRab
20332286,RRab
20335838,RRab
20344977,RRab
20374810,RRab
20392731,RRab
20402360,RRab
20404050,RRab
20405655,RRab
20408791,RRab
20409590,RRab
20412789,RRab
20424725,RRab
20424888,RRab
20431810,RRab
20453036,RRab
20454173,RRab
20470136,RRab
20484323,RRab
20488338,RRab
20498622,RRab
20502013,RRab
20503346,RRab
20505229,RRab
20507511,RRab
20507672,RRab
20513210,RRab
20519493,RRab
20526648,RRab
20532425,RRab
20538459,RRab
20543054,RRab
20543597,RRab
20560819,RRab
20561336,RRab
20565236,RRab
20566163,RRab
20566707,RRab
20569799,RRab
20580050,RRab
20582741,RRab
20601216,RRab
20613649,RRab
20616655,RRab
20626118,RRab
20629654,RRab
20633681,RRab
20649479,RRab
20671386,RRab
20689535,RRab
20690517,RRab
20695159,RRab
20703194,RRab
20711699,RRab
20714963,RRab
20719672,RRab
20727923,RRab
20748200,RRab
20754239,RRab
20755516,RRab
20799329,RRab
20812301,RRab
20813826,RRab
20815762,RRab
20828304,RRab
20828782,RRab
20829724,RRab
20841914,RRab
20858337,RRab
20871211,RRab
20878762,RRab
20884921,RRab
20889257,RRab
20890761,RRab
20895211,RRab
20901308,RRab
20927587,RRab
20928623,RRab
20928730,RRab
20946204,RRab
20946356,RRab
20947702,RRab
20951738,RRab
20958751,RRab
20971586,RRab
20982322,RRab
20991661,RRab
21000040,RRab
21010711,RRab
21011450,RRab
21015124,RRab
21016855,RRab
21025736,RRab
21035495,RRab
21043777,RRab
21044998,RRab
21050527,RRab
21055315,RRab
21056450,RRab
21058623,RRab
21063247,RRab
21071746,RRab
21073545,RRab
21075532,RRab
21080566,RRab
21083054,RRab
21089289,RRab
21097076,RRab
21102918,RRab
21126144,RRab
21126187,RRab
21132882,RRab
21133133,RRab
21134069,RRab
21139760,RRab
21145823,RRab
21146854,RRab
21160820,RRab
21171040,RRab
21184721,RRab
21200464,RRab
21206434,RRab
21210238,RRab
21215819,RRab
21216243,RRab
21223316,RRab
21225185,RRab
21234779,RRab
21235085,RRab
21243249,RRab
21244598,RRab
21244623,RRab
21248055,RRab
21250682,RRab
21252449,RRab
21256776,RRab
21261395,RRab
21264757,RRab
21268141,RRab
21281847,RRab
21288637,RRab
21289833,RRab
21298723,RRab
21320462,RRab
21322633,RRab
21328448,RRab
21330840,RRab
21334271,RRab
21335525,RRab
21336991,RRab
21343483,RRab
21343608,RRab
21374223,RRab
21377934,RRab
21385224,RRab
21391867,RRab
21396049,RRab
21421143,RRab
21439314,RRab
21447317,RRab
21452146,RRab
21454119,RRab
21460667,RRab
21468901,RRab
21470292,RRab
21473837,RRab
21474739,RRab
21477485,RRab
21488669,RRab
21510047,RRab
21514205,RRab
21518097,RRab
21526640,RRab
21537929,RRab
21538978,RRab
21549499,RRab
21553861,RRab
21556651,RRab
21556663,RRab
21563071,RRab
21574229,RRab
21575791,RRab
21577939,RRab
21580676,RRab
21580872,RRab
21592715,RRab
21616405,RRab
21619184,RRab
21622547,RRab
21629752,RRab
21638877,RRab
21640723,RRab
21648266,RRab
21655165,RRab
21656207,RRab
21658179,RRab
21667966,RRab
21684795,RRab
21692206,RRab
21709239,RRab
21716206,RRab
21719768,RRab
21720397,RRab
21742308,RRab
21744543,RRab
21749710,RRab
21749947,RRab
21753885,RRab
21753974,RRab
21771914,RRab
21792583,RRab
21806402,RRab
21830166,RRab
21836092,RRab
21837152,RRab
21864884,RRab
21869616,RRab
21872370,RRab
21874209,RRab
21879209,RRab
21893528,RRab
21899935,RRab
21905744,RRab
21907203,RRab
21907446,RRab
21907874,RRab
21913571,RRab
21914438,RRab
21924353,RRab
21924376,RRab
21929080,RRab
21940638,RRab
21945241,RRab
21947560,RRab
21948046,RRab
21948290,RRab
21948919,RRab
21955969,RRab
21956137,RRab
21966412,RRab
21967825,RRab
21986471,RRab
21986725,RRab
21991112,RRab
21991284,RRab
21994408,RRab
21996907,RRab
22000485,RRab
22005161,RRab
22018749,RRab
22034371,RRab
22034742,RRab
22035748,RRab
22042245,RRab
22042502,RRab
22045589,RRab
22057147,RRab
22060182,RRab
22067964,RRab
22070388,RRab
22078583,RRab
22090614,RRab
22098281,RRab
22113235,RRab
22118462,RRab
22118602,RRab
22125812,RRab
22128108,RRab
22129367,RRab
22137788,RRab
22144148,RRab
22148292,RRab
22152661,RRab
22186695,RRab
22187250,RRab
22196308,RRab
22196633,RRab
22198858,RRab
22206307,RRab
22216834,RRab
22220139,RRab
22220975,RRab
22227099,RRab
22227817,RRab
22227984,RRab
22233406,RRab
22243136,RRab
22243579,RRab
22244059,RRab
22244513,RRab
22246963,RRab
22252532,RRab
22266443,RRab
22268315,RRab
22272582,RRab
22283909,RRab
22284016,RRab
22298313,RRab
22304519,RRab
22309292,RRab
22315266,RRab
22317507,RRab
22319996,RRab
22338901,RRab
22345256,RRab
22346514,RRab
22347494,RRab
22356134,RRab
22361671,RRab
22363963,RRab
22386197,RRab
22390728,RRab
22392699,RRab
22394912,RRab
22399746,RRab
22404508,RRab
22406418,RRab
22414733,RRab
22424347,RRab
22425147,RRab
22433500,RRab
22440124,RRab
22450085,RRab
22458231,RRab
22458998,RRab
22466078,RRab
22477307,RRab
22478700,RRab
22478943,RRab
22489941,RRab
22507492,RRab
22517285,RRab
22518150,RRab
22521976,RRab
22528679,RRab
22528772,RRab
22529369,RRab
22530318,RRab
22530805,RRab
22531626,RRab
22532172,RRab
22542105,RRab
22567356,RRab
22571231,RRab
22592060,RRab
22592261,RRab
22597768,RRab
22601072,RRab
22615704,RRab
22617369,RRab
22618525,RRab
22624786,RRab
22630236,RRab
22632472,RRab
22634344,RRab
22634680,RRab
22639551,RRab
22656422,RRab
22656713,RRab
22660510,RRab
22668735,RRab
22672526,RRab
22678238,RRab
22682678,RRab
22699487,RRab
22701482,RRab
22705180,RRab
22717674,RRab
22717785,RRab
22755029,RRab
22780467,RRab
22781073,RRab
22783219,RRab
22783656,RRab
22784290,RRab
22792891,RRab
22793705,RRab
22797316,RRab
22804366,RRab
22812666,RRab
22818064,RRab
22819632,RRab
22828169,RRab
22828215,RRab
22839182,RRab
22841686,RRab
22844103,RRab
22849898,RRab
22857421,RRab
22863638,RRab
22865691,RRab
22868949,RRab
22873279,RRab
22890759,RRab
22911175,RRab
22918086,RRab
22924523,RRab
22928136,RRab
22930414,RRab
22939763,RRab
22944723,RRab
22944851,RRab
22968903,RRab
22973009,RRab
22973284,RRab
22980256,RRab
22980793,RRab
22992960,RRab
22995417,RRab
22998833,RRab
23002253,RRab
23002449,RRab
23008861,RRab
23016880,RRab
23017844,RRab
23032545,RRab
23043024,RRab
23043830,RRab
23043856,RRab
23054219,RRab
23055896,RRab
23071423,RRab
23073893,RRab
23074053,RRab
23086777,RRab
23087816,RRab
23092428,RRab
23140598,RRab
23146282,RRab
23148103,RRab
23157974,RRab
23163658,RRab
23163797,RRab
23164890,RRab
23165087,RRab
23166294,RRab
23166739,RRab
23173411,RRab
23182010,RRab
23183339,RRab
23183789,RRab
23193507,RRab
23199703,RRab
23206575,RRab
23210639,RRab
23211008,RRab
23223856,RRab
23224415,RRab
23230392,RRab
23247544,RRab
23248355,RRab
23248688,RRab
23252474,RRab
23262814,RRab
23266674,RRab
23266692,RRab
23268742,RRab
23270181,RRab
23291585,RRab
23293669,RRab
23297561,RRab
23305626,RRab
23305930,RRab
23313574,RRab
23316035,RRab
23318149,RRab
23325127,RRab
23333886,RRab
23334999,RRab
23336943,RRab
23337831,RRab
23338752,RRab
23343320,RRab
23345031,RRab
23350921,RRab
23351427,RRab
23374092,RRab
23375937,RRab
23378473,RRab
23379106,RRab
23384908,RRab
23389610,RRab
23390502,RRab
23409959,RRab
23413190,RRab
23421514,RRab
23425255,RRab
23430800,RRab
23432391,RRab
23434892,RRab
23442384,RRab
23442649,RRab
23444473,RRab
23457304,RRab
23458300,RRab
23459192,RRab
23459557,RRab
23465924,RRab
23471261,RRab
23472999,RRab
23488126,RRab
23507500,RRab
23508801,RRab
23509480,RRab
23509699,RRab
23511195,RRab
23511545,RRab
23515907,RRab
23517500,RRab
23520772,RRab
23526938,RRab
23535608,RRab
23535688,RRab
23535695,RRab
23555046,RRab
23566720,RRab
23568168,RRab
23596342,RRab
23598918,RRab
23599342,RRab
23599934,RRab
23601069,RRab
23604060,RRab
23619357,RRab
23624864,RRab
23643031,RRab
23653629,RRab
23654120,RRab
23661679,RRab
23663191,RRab
23707868,RRab
23740449,RRab
23751553,RRab
23753009,RRab
23753803,RRab
23767975,RRab
23779292,RRab
23787710,RRab
23791415,RRab
23803083,RRab
23805638,RRab
23811273,RRab
23838298,RRab
23843949,RRab
23846316,RRab
23848605,RRab
23852287,RRab
23857672,RRab
23876082,RRab
23898397,RRab
23900947,RRab
23905959,RRab
23913463,RRab
23920440,RRab
23926113,RRab
23928707,RRab
23936387,RRab
23939214,RRab
23939906,RRab
23947344,RRab
23959372,RRab
23976465,RRab
23978041,RRab
23983074,RRab
23988263,RRab
24004968,RRab
24010683,RRab
24011670,RRab
24018667,RRab
24019356,RRab
24020106,RRab
24050914,RRab
24056365,RRab
24061070,RRab
24062437,RRab
24067158,RRab
24085811,RRab
24090548,RRab
24090583,RRab
24092990,RRab
24093133,RRab
24095807,RRab
24104964,RRab
24107664,RRab
24116401,RRab
24119124,RRab
24136755,RRab
24153038,RRab
24153253,RRab
24161355,RRab
24164467,RRab
24164684,RRab
24170603,RRab
24185328,RRab
24192071,RRab
24192279,RRab
24195431,RRab
24196812,RRab
24197419,RRab
24208140,RRab
24213120,RRab
24222374,RRab
24223777,RRab
24224853,RRab
24225732,RRab
24231910,RRab
24235732,RRab
24236445,RRab
24237469,RRab
24245797,RRab
24248209,RRab
24249206,RRab
24249490,RRab
24251229,RRab
24252838,RRab
24258113,RRab
24262890,RRab
872042,RRc
578356,RRc
742269,RRc
675095,RRc
591778,RRc
830749,RRc
738090,RRc
1303450,RRc
822875,RRc
1289831,RRc
718204,RRc
1177797,RRc
1235645,RRc
1290156,RRc
626633,RRc
665903,RRc
1286726,RRc
643928,RRc
803370,RRc
1275642,RRc
669507,RRc
798852,RRc
565783,RRc
672332,RRc
867206,RRc
563221,RRc
853251,RRc
1269056,RRc
793465,RRc
669330,RRc
795887,RRc
795907,RRc
733113,RRc
588515,RRc
627131,RRc
1239429,RRc
1288802,RRc
1288253,RRc
575752,RRc
572431,RRc
634204,RRc
795934,RRc
750481,RRc
873730,RRc
1255442,RRc
617048,RRc
1271651,RRc
1266766,RRc
1241486,RRc
1289906,RRc
627134,RRc
1256021,RRc
583703,RRc
825390,RRc
880489,RRc
586661,RRc
590747,RRc
742169,RRc
588319,RRc
1298493,RRc
739922,RRc
788082,RRc
772745,RRc
1290528,RRc
1255421,RRc
592625,RRc
710181,RRc
832017,RRc
740094,RRc
742019,RRc
1314814,RRc
786510,RRc
801654,RRc
858720,RRc
801099,RRc
580953,RRc
696066,RRc
742459,RRc
637117,RRc
800882,RRc
588815,RRc
582989,RRc
624663,RRc
826681,RRc
1282766,RRc
1301294,RRc
799128,RRc
1292994,RRc
592402,RRc
760929,RRc
629286,RRc
851403,RRc
855968,RRc
778652,RRc
724202,RRc
584186,RRc
1280866,RRc
792210,RRc
855565,RRc
1272384,RRc
1288854,RRc
562936,RRc
589632,RRc
583706,RRc
788829,RRc
698800,RRc
587414,RRc
625141,RRc
585631,RRc
1243760,RRc
630271,RRc
848890,RRc
860520,RRc
748579,RRc
796352,RRc
797593,RRc
841180,RRc
878487,RRc
634226,RRc
1282211,RRc
560927,RRc
946872,RRc
707035,RRc
1306749,RRc
633224,RRc
633637,RRc
876389,RRc
793446,RRc
559379,RRc
734393,RRc
628807,RRc
671848,RRc
853953,RRc
699903,RRc
1300364,RRc
834965,RRc
743829,RRc
879617,RRc
559334,RRc
853203,RRc
736893,RRc
743059,RRc
1280888,RRc
1290840,RRc
1266502,RRc
947307,RRc
860537,RRc
565559,RRc
778772,RRc
586510,RRc
566791,RRc
738821,RRc
588721,RRc
947487,RRc
1296545,RRc
743355,RRc
873655,RRc
1271509,RRc
818752,RRc
585933,RRc
1248735,RRc
881692,RRc
774570,RRc
849574,RRc
1304741,RRc
580344,RRc
860963,RRc
699840,RRc
733634,RRc
700695,RRc
687602,RRc
857157,RRc
699559,RRc
854478,RRc
688306,RRc
652923,RRc
695419,RRc
1275138,RRc
766324,RRc
800105,RRc
843650,RRc
838601,RRc
1294578,RRc
614589,RRc
623859,RRc
680419,RRc
731688,RRc
788907,RRc
721898,RRc
796051,RRc
1281833,RRc
1277824,RRc
588899,RRc
558827,RRc
634849,RRc
557520,RRc
692750,RRc
873677,RRc
589076,RRc
560750,RRc
706721,RRc
852504,RRc
655747,RRc
838232,RRc
882214,RRc
789094,RRc
852221,RRc
636868,RRc
1285416,RRc
823243,RRc
849486,RRc
792398,RRc
1275683,RRc
1245446,RRc
840873,RRc
1283070,RRc
745075,RRc
563350,RRc
828907,RRc
621374,RRc
848887,RRc
741846,RRc
1283354,RRc
732758,RRc
691088,RRc
878585,RRc
603325,RRc
839909,RRc
848471,RRc
634794,RRc
691095,RRc
689446,RRc
628895,RRc
1271776,RRc
729907,RRc
859919,RRc
825839,RRc
880471,RRc
628307,RRc
571468,RRc
807604,RRc
744510,RRc
591445,RRc
861061,RRc
589113,RRc
588445,RRc
789830,RRc
784920,RRc
631373,RRc
861195,RRc
635305,RRc
703789,RRc
587668,RRc
801200,RRc
724913,RRc
1282346,RRc
879220,RRc
732550,RRc
560757,RRc
1241813,RRc
567757,RRc
880721,RRc
622830,RRc
1271588,RRc
617897,RRc
616141,RRc
848496,RRc
791182,RRc
846214,RRc
558955,RRc
787670,RRc
559634,RRc
857353,RRc
576362,RRc
860744,RRc
726358,RRc
560597,RRc
610864,RRc
779730,RRc
943386,RRc
662363,RRc
558926,RRc
1294664,RRc
1265105,RRc
659752,RRc
576222,RRc
1275684,RRc
724956,RRc
587570,RRc
708289,RRc
791943,RRc
589290,RRc
871828,RRc
682534,RRc
1242256,RRc
1291963,RRc
609169,RRc
1278971,RRc
834711,RRc
624698,RRc
559262,RRc
847700,RRc
1284040,RRc
630144,RRc
839294,RRc
776256,RRc
787685,RRc
817686,RRc
732532,RRc
835984,RRc
1307996,RRc
572844,RRc
587061,RRc
746533,RRc
1278653,RRc
1248727,RRc
724161,RRc
693669,RRc
883343,RRc
748787,RRc
618812,RRc
1299187,RRc
645982,RRc
795932,RRc
629822,RRc
842648,RRc
1270881,RRc
560814,RRc
1292837,RRc
1287334,RRc
850749,RRc
1268371,RRc
693478,RRc
1283359,RRc
1309578,RRc
731438,RRc
586316,RRc
879661,RRc
1235609,RRc
799598,RRc
787501,RRc
1295441,RRc
880302,RRc
603829,RRc
584029,RRc
790542,RRc
611305,RRc
627028,RRc
1273961,RRc
795751,RRc
585648,RRc
689088,RRc
635133,RRc
849689,RRc
1283936,RRc
784577,RRc
860472,RRc
1277229,RRc
879294,RRc
742668,RRc
1236682,RRc
821519,RRc
777878,RRc
558368,RRc
847183,RRc
786668,RRc
1290097,RRc
874463,RRc
1277323,RRc
1251613,RRc
750181,RRc
627062,RRc
1244021,RRc
947157,RRc
852592,RRc
1262031,RRc
777788,RRc
1270410,RRc
856165,RRc
745748,RRc
1246288,RRc
571659,RRc
1277746,RRc
735628,RRc
737657,RRc
807458,RRc
1300077,RRc
795222,RRc
1271054,RRc
621694,RRc
661048,RRc
628959,RRc
698447,RRc
1272872,RRc
735838,RRc
674356,RRc
1267404,RRc
569494,RRc
841687,RRc
589042,RRc
1291385,RRc
822643,RRc
1307792,RRc
732775,RRc
696888,RRc
947079,RRc
748284,RRc
638040,RRc
1298811,RRc
611930,RRc
1235256,RRc
849895,RRc
783033,RRc
1269686,RRc
802549,RRc
751069,RRc
794668,RRc
852558,RRc
854554,RRc
694450,RRc
766769,RRc
746729,RRc
1282607,RRc
1289370,RRc
947266,RRc
692302,RRc
698532,RRc
692415,RRc
877852,RRc
880653,RRc
1282385,RRc
633883,RRc
946642,RRc
831593,RRc
624991,RRc
803627,RRc
1270923,RRc
630670,RRc
782048,RRc
1241005,RRc
857871,RRc
604723,RRc
589679,RRc
735916,RRc
582007,RRc
565425,RRc
586746,RRc
847909,RRc
875241,RRc
605139,RRc
850321,RRc
746494,RRc
1278060,RRc
1252072,RRc
759879,RRc
821997,RRc
724083,RRc
774817,RRc
1306745,RRc
571499,RRc
623477,RRc
1305713,RRc
1241046,RRc
1252050,RRc
1282330,RRc
568282,RRc
644042,RRc
590193,RRc
728601,RRc
645539,RRc
707221,RRc
823250,RRc
792373,RRc
561312,RRc
590376,RRc
795342,RRc
856303,RRc
586645,RRc
1279044,RRc
803961,RRc
842508,RRc
635376,RRc
592450,RRc
690113,RRc
947128,RRc
624702,RRc
1290197,RRc
740929,RRc
631489,RRc
671971,RRc
822684,RRc
797490,RRc
846121,RRc
1248056,RRc
811274,RRc
1244298,RRc
702506,RRc
1287611,RRc
693024,RRc
737029,RRc
829006,RRc
652239,RRc
855072,RRc
848903,RRc
1308053,RRc
877939,RRc
735936,RRc
873737,RRc
858756,RRc
773499,RRc
1290564,RRc
833828,RRc
692312,RRc
781903,RRc
792153,RRc
745239,RRc
1308223,RRc
621849,RRc
747835,RRc
625556,RRc
787637,RRc
708253,RRc
1274378,RRc
1287696,RRc
853877,RRc
836617,RRc
626792,RRc
557462,RRc
788278,RRc
737164,RRc
701906,RRc
1273753,RRc
1279305,RRc
856222,RRc
663443,RRc
562040,RRc
860865,RRc
808057,RRc
947060,RRc
583331,RRc
731042,RRc
1256804,RRc
728322,RRc
802452,RRc
1241627,RRc
580973,RRc
880490,RRc
794383,RRc
789499,RRc
679291,RRc
792613,RRc
1264966,RRc
787619,RRc
800396,RRc
859003,RRc
740159,RRc
736245,RRc
679952,RRc
811817,RRc
797780,RRc
844983,RRc
1274140,RRc
1260677,RRc
1309502,RRc
1274997,RRc
1261433,RRc
1274534,RRc
864525,RRc
1252708,RRc
621709,RRc
822607,RRc
652113,RRc
1249541,RRc
724714,RRc
1289681,RRc
653628,RRc
802589,RRc
1279725,RRc
730354,RRc
696632,RRc
943538,RRc
1270606,RRc
706656,RRc
584417,RRc
1278895,RRc
801343,RRc
630919,RRc
1267927,RRc
827283,RRc
687193,RRc
781163,RRc
857354,RRc
879952,RRc
611050,RRc
720490,RRc
1303557,RRc
669064,RRc
792823,RRc
1270595,RRc
1262096,RRc
836747,RRc
742919,RRc
823669,RRc
835944,RRc
1262575,RRc
743848,RRc
721902,RRc
682479,RRc
611494,RRc
698257,RRc
588323,RRc
861486,RRc
740228,RRc
706660,RRc
747449,RRc
739996,RRc
675000,RRc
645760,RRc
848006,RRc
609465,RRc
624967,RRc
871263,RRc
663112,RRc
645505,RRc
800341,RRc
832447,RRc
1302930,RRc
768203,RRc
682389,RRc
611488,RRc
784247,RRc
1291299,RRc
750647,RRc
679676,RRc
751094,RRc
744096,RRc
1272571,RRc
561099,RRc
624744,RRc
738869,RRc
736232,RRc
610832,RRc
854988,RRc
1253008,RRc
1292170,RRc
1283979,RRc
789675,RRc
657817,RRc
838216,RRc
773991,RRc
1241749,RRc
1235969,RRc
838283,RRc
756197,RRc
1239425,RRc
826485,RRc
766981,RRc
1235964,RRc
687991,RRc
1299416,RRc
839422,RRc
637878,RRc
699245,RRc
784980,RRc
1248630,RRc
629604,RRc
872092,RRc
751870,RRc
1256891,RRc
1283579,RRc
800581,RRc
566429,RRc
1241967,RRc
734757,RRc
732837,RRc
779887,RRc
733534,RRc
636424,RRc
802971,RRc
590316,RRc
696336,RRc
852298,RRc
772941,RRc
835358,RRc
844550,RRc
835672,RRc
853454,RRc
683607,RRc
1305799,RRc
1278009,RRc
566569,RRc
624676,RRc
662464,RRc
838067,RRc
618797,RRc
1289796,RRc
1251926,RRc
621496,RRc
773468,RRc
751145,RRc
644568,RRc
625157,RRc
861543,RRc
1293664,RRc
830734,RRc
1287161,RRc
1286988,RRc
827965,RRc
819443,RRc
848293,RRc
822282,RRc
733628,RRc
799666,RRc
859983,RRc
822993,RRc
1276015,RRc
1305736,RRc
861231,RRc
786704,RRc
1241237,RRc
634838,RRc
859230,RRc
824616,RRc
835653,RRc
734781,RRc
859336,RRc
724036,RRc
603220,RRc
1281572,RRc
848076,RRc
686973,RRc
847405,RRc
864467,RRc
947475,RRc
882675,RRc
1235683,RRc
565823,RRc
797674,RRc
572623,RRc
586762,RRc
730411,RRc
1274478,RRc
857207,RRc
739723,RRc
883148,RRc
611060,RRc
739862,RRc
859263,RRc
586517,RRc
874367,RRc
1252539,RRc
746583,RRc
811733,RRc
804092,RRc
603834,RRc
688332,RRc
1309794,RRc
643696,RRc
1296228,RRc
780223,RRc
1309551,RRc
733511,RRc
841454,RRc
683572,RRc
833917,RRc
623884,RRc
1273114,RRc
618722,RRc
790214,RRc
854845,RRc
687537,RRc
1241313,RRc
670311,RRc
1306726,RRc
557678,RRc
764410,RRc
947691,RRc
1276121,RRc
684200,RRc
800166,RRc
714781,RRc
1309849,RRc
854019,RRc
798724,RRc
691188,RRc
750509,RRc
733702,RRc
1272866,RRc
1242397,RRc
1272726,RRc
800184,RRc
833937,RRc
775011,RRc
672705,RRc
1277305,RRc
720318,RRc
1299635,RRc
879927,RRc
731247,RRc
1264814,RRc
847609,RRc
861902,RRc
1286596,RRc
742356,RRc
744630,RRc
1241363,RRc
702110,RRc
706806,RRc
689568,RRc
633374,RRc
772887,RRc
795334,RRc
770467,RRc
1262629,RRc
629679,RRc
861369,RRc
641542,RRc
734824,RRc
1302853,RRc
585348,RRc
1285304,RRc
811325,RRc
636124,RRc
627025,RRc
822131,RRc
747269,RRc
683720,RRc
1299196,RRc
835781,RRc
619748,RRc
733083,RRc
682524,RRc
835748,RRc
785686,RRc
780117,RRc
1248572,RRc
693871,RRc
1299404,RRc
834649,RRc
792864,RRc
767001,RRc
856772,RRc
787369,RRc
618948,RRc
773458,RRc
607642,RRc
633120,RRc
724181,RRc
610593,RRc
794427,RRc
630617,RRc
781876,RRc
609413,RRc
797644,RRc
1254557,RRc
853213,RRc
1281874,RRc
730460,RRc
831878,RRc
587499,RRc
1244113,RRc
1298948,RRc
1298777,RRc
563226,RRc
692376,RRc
828968,RRc
859286,RRc
657787,RRc
689043,RRc
879659,RRc
1296695,RRc
803302,RRc
611374,RRc
707105,RRc
706970,RRc
1276790,RRc
1269135,RRc
723106,RRc
825971,RRc
733324,RRc
691524,RRc
829048,RRc
716687,RRc
1304336,RRc
618528,RRc
726457,RRc
774141,RRc
559638,RRc
881057,RRc
586483,RRc
557456,RRc
778768,RRc
737055,RRc
733004,RRc
1278552,RRc
706856,RRc
1250074,RRc
842504,RRc
838521,RRc
686916,RRc
842645,RRc
779898,RRc
2,RRc
839699,RRc
679831,RRc
866280,RRc
712805,RRc
562239,RRc
880301,RRc
561214,RRc
701295,RRc
826601,RRc
608361,RRc
850459,RRc
1286604,RRc
801344,RRc
605171,RRc
750153,RRc
718939,RRc
1285078,RRc
701829,RRc
692839,RRc
706499,RRc
1243867,RRc
843745,RRc
669231,RRc
684229,RRc
731730,RRc
797229,RRc
879765,RRc
623152,RRc
732473,RRc
832409,RRc
735506,RRc
683924,RRc
742735,RRc
585065,RRc
1277406,RRc
787706,RRc
764463,RRc
1241937,RRc
745377,RRc
799869,RRc
571374,RRc
631372,RRc
634620,RRc
707937,RRc
682844,RRc
683619,RRc
682527,RRc
744094,RRc
814668,RRc
860732,RRc
566553,RRc
603238,RRc
1291745,RRc
1235716,RRc
1309827,RRc
668308,RRc
559160,RRc
695086,RRc
585407,RRc
785237,RRc
1260744,RRc
832625,RRc
559260,RRc
627298,RRc
1306886,RRc
747797,RRc
947312,RRc
835646,RRc
1291392,RRc
557735,RRc
1276124,RRc
779971,RRc
851136,RRc
872094,RRc
832424,RRc
1254525,RRc
722198,RRc
784494,RRc
794037,RRc
881901,RRc
1310050,RRc
827227,RRc
826707,RRc
800784,RRc
562814,RRc
947459,RRc
822580,RRc
736626,RRc
860457,RRc
859216,RRc
764701,RRc
1278457,RRc
566272,RRc
828662,RRc
852896,RRc
1270503,RRc
772248,RRc
854828,RRc
1269040,RRc
855466,RRc
1299011,RRc
710123,RRc
779237,RRc
821217,RRc
837976,RRc
1286823,RRc
847783,RRc
743367,RRc
721260,RRc
1275830,RRc
758131,RRc
1277614,RRc
842649,RRc
837960,RRc
1306197,RRc
878069,RRc
1291516,RRc
563440,RRc
1288827,RRc
834855,RRc
694791,RRc
632983,RRc
772273,RRc
793943,RRc
1306579,RRc
657786,RRc
841162,RRc
1307875,RRc
692517,RRc
611486,RRc
1280086,RRc
1309854,RRc
1276412,RRc
1307833,RRc
1309331,RRc
611377,RRc
1254601,RRc
1269978,RRc
584212,RRc
1309908,RRc
1275209,RRc
631081,RRc
865537,RRc
853522,RRc
565978,RRc
557602,RRc
793130,RRc
683632,RRc
566628,RRc
782185,RRc
859265,RRc
716284,RRc
873618,RRc
676596,RRc
